id1,id2
4013_1_2,4911_4_5
4036_5_3,6853_4_2
4038_4_2,5395_3_6
4038_4_3,4845_2_2
4050_4_2,5819_0_2
4053_3_4,5646_0_1
4084_4_2,4641_4_2
4085_1_0,5258_3_0
4089_0_5,4313_2_1
4090_2_5,6231_0_0
4095_3_3,6841_0_5
4095_5_1,4241_3_1
4125_0_1,5459_4_0
4130_2_5,5311_2_0
4194_5_2,4233_2_3
4227_5_1,4606_2_0
4249_1_3,6010_3_1
4337_2_4,4924_1_1
4346_1_1,6634_4_5
4349_4_3,4660_0_6
4358_1_0,5911_0_4
4386_0_1,4788_2_4
4407_3_2,5362_2_6
4494_3_1,5191_3_6
4502_2_2,5691_1_2
4624_5_4,5608_2_1
4693_1_3,6255_5_1
4718_1_1,6343_2_1
4753_3_5,5244_4_2
4775_0_1,6195_4_0
4775_5_0,6259_4_0
4780_4_1,5112_1_0
4816_1_2,6435_3_4
4857_3_4,5040_2_0
4873_3_5,5024_1_1
4892_0_1,5643_5_3
4923_1_3,5026_2_2
4930_2_4,6746_2_5
4961_3_3,6432_2_5
4972_2_5,5601_1_4
4980_4_3,6014_2_1
5019_3_2,5156_5_4
5030_2_1,5922_2_5
5053_3_3,6139_2_2
5109_1_1,5631_2_4
5135_1_2,6516_3_5
5199_2_3,5408_1_2
5213_1_5,6998_5_1
5214_0_3,5773_0_5
5226_3_1,6512_0_2
5236_0_5,5254_3_3
5241_4_4,6212_4_2
5249_0_0,5896_2_1
5262_4_5,6536_3_1
5353_2_1,5526_2_1
5442_2_3,6534_2_5
5452_1_2,6466_4_2
5464_3_5,5951_5_3
5551_0_1,5919_4_2
5569_1_0,6651_3_1
5577_2_5,6351_5_5
5637_2_1,6192_2_6
5874_5_6,6388_4_4
5888_1_5,6329_4_3
5894_4_0,6653_1_2
5994_1_3,6712_0_4
6042_1_6,6553_3_2
6075_0_4,6902_4_2
6148_2_2,6953_1_6
6204_5_3,6630_5_2
6431_3_3,6947_1_2
6451_3_4,6656_0_1
6543_1_0,6776_4_1
6584_3_3,6681_0_1
6596_5_3,6914_2_3
6671_4_4,6686_5_4
6676_5_1,6903_1_5
6700_1_3,6734_0_2
4001_1_6,4165_5_5
4003_1_4,5325_1_6
4007_4_3,6743_0_6
4018_4_6,6617_0_0
4019_2_5,5797_3_2
4026_2_2,6928_4_4
4028_2_3,4200_4_4
4051_2_4,5825_0_0
4061_4_5,4390_2_3
4099_4_4,6124_4_1
4149_1_4,4541_3_3
4165_5_5,4275_0_4
4169_1_4,6743_3_5
4169_3_3,5358_4_4
4181_0_0,5071_2_6
4182_2_1,6388_4_3
4183_4_1,6794_4_1
4204_4_1,6108_2_2
4215_0_2,5157_0_2
4222_4_1,4908_4_0
4271_2_3,6603_2_1
4275_0_4,4359_2_2
4277_0_2,5775_4_5
4280_2_4,4446_3_6
4287_4_4,5516_5_5
4353_4_3,5860_5_1
4359_2_2,4384_0_6
4380_2_4,4624_3_0
4384_0_6,4445_0_1
4433_5_3,4463_1_6
4445_0_1,4631_0_3
4453_1_2,5888_5_2
4463_1_6,4866_0_0
4466_0_0,4861_1_1
4479_3_1,6176_1_5
4541_2_3,5066_2_3
4550_1_2,6287_0_4
4550_3_4,6736_3_4
4551_4_4,6386_1_5
4564_3_5,4846_4_1
4571_0_2,6954_2_2
4577_4_4,5479_3_5
4581_2_5,5279_3_1
4582_2_0,6752_0_2
4599_2_0,6416_3_5
4616_1_4,4819_2_3
4631_0_3,5144_2_4
4632_0_3,6660_1_4
4634_2_3,5338_3_1
4658_2_1,6193_3_0
4734_1_3,5724_2_2
4745_3_2,6070_4_3
4748_4_4,6396_3_3
4753_2_1,6250_4_2
4774_4_4,6258_0_3
4794_1_4,6091_4_0
4805_1_4,6840_3_4
4807_4_5,5911_1_3
4827_5_0,5997_3_4
4838_0_2,6663_3_1
4845_3_0,5917_5_0
4846_4_1,5270_1_1
4861_1_1,6127_4_3
4880_5_5,6110_0_4
4891_4_1,6845_2_3
4915_2_2,5634_4_2
4937_5_2,5450_0_1
4945_0_1,5256_0_2
4952_3_2,6216_0_4
5000_0_1,6200_3_0
5010_5_4,6728_1_4
5016_4_2,5703_1_5
5051_2_1,6680_3_2
5055_2_3,5076_0_4
5059_2_3,5919_2_1
5065_0_5,6564_1_0
5084_5_2,5106_0_4
5087_0_1,6082_2_6
5100_2_4,6978_1_0
5144_2_4,5856_0_3
5151_2_1,6524_4_3
5180_4_0,5766_5_2
5200_1_4,5512_1_4
5260_0_0,5370_3_1
5270_1_1,6803_4_3
5283_3_4,5864_5_3
5329_5_1,5676_4_6
5342_3_2,5383_3_3
5354_2_2,5823_1_1
5373_4_4,5764_2_1
5387_2_3,6843_2_1
5492_3_6,6281_4_1
5503_2_4,5974_3_3
5508_5_1,5856_0_3
5513_3_2,6102_0_2
5566_0_2,6351_2_4
5607_1_5,6135_3_4
5612_2_6,5779_2_4
5626_0_1,6958_4_4
5661_4_5,5798_3_0
5713_1_2,5813_2_0
5724_5_6,6768_3_0
5856_0_3,6270_2_2
5871_4_3,6026_5_1
5896_4_0,6597_4_1
5918_5_2,5990_3_2
5986_4_0,6299_2_6
6012_3_5,6270_1_3
6045_4_3,6745_1_0
6063_2_1,6582_4_2
6159_0_2,6513_2_1
6235_2_4,6647_0_2
6236_4_2,6697_1_2
6343_4_1,6357_4_6
6362_3_0,6518_1_3
6362_5_1,6462_2_4
6546_0_5,6632_3_1
6690_0_5,6902_4_6
6713_5_4,6780_1_2
6718_4_1,6935_3_1
6834_1_1,6903_4_4
4018_4_3,5051_5_4
4019_0_4,4474_0_0
4036_4_1,5042_0_4
4039_0_4,5360_1_1
4043_3_4,6784_4_0
4103_1_3,4279_1_3
4112_3_2,4873_0_2
4114_5_3,4964_3_3
4161_0_5,5096_4_4
4167_4_0,6281_1_5
4174_2_4,4381_2_5
4191_2_4,5389_5_1
4198_2_4,6095_3_5
4200_2_3,5460_4_5
4205_4_6,6649_0_4
4216_1_2,4269_4_3
4231_2_2,4966_1_3
4249_0_1,4759_2_1
4252_4_3,4518_1_4
4297_1_2,4397_0_3
4308_2_1,6749_1_0
4350_0_3,6106_4_2
4355_5_1,5167_4_3
4369_4_0,5744_2_0
4371_3_3,5532_2_0
4380_3_3,6104_0_2
4402_0_2,4500_3_2
4470_4_2,6285_0_1
4510_1_2,6254_4_5
4514_5_3,6349_4_5
4532_2_5,5508_2_1
4537_3_2,5068_2_3
4550_4_1,6286_3_1
4609_1_4,6735_1_3
4624_4_1,5886_5_2
4629_4_1,5413_5_3
4655_2_1,6371_1_2
4665_2_5,6703_0_1
4682_3_5,6495_2_4
4742_4_1,5463_3_5
4772_0_4,5239_1_0
4778_3_5,6069_2_1
4780_4_4,6029_3_4
4795_1_0,6644_0_3
4807_1_0,6104_0_2
4831_4_1,6578_3_0
4834_5_5,5750_2_0
4893_3_2,6141_3_1
4910_1_4,6168_1_4
4928_4_0,6728_0_0
4951_4_4,6343_2_0
4978_4_5,5472_0_1
4998_2_5,5984_2_4
5083_4_6,6194_4_3
5095_5_2,5511_3_2
5116_2_4,5623_2_5
5120_2_1,5124_5_5
5134_2_3,5697_3_1
5146_2_4,5295_1_2
5153_0_4,6478_5_0
5190_4_1,6924_4_0
5227_0_3,6370_5_1
5273_3_2,6273_0_0
5293_3_6,5740_2_1
5315_0_4,6789_3_1
5354_4_4,6195_4_0
5399_5_4,5784_2_5
5401_0_4,6803_4_3
5467_1_2,5573_3_1
5501_1_2,6733_3_2
5540_0_0,6728_2_6
5580_4_4,6099_4_1
5623_0_0,6143_3_4
5632_0_1,6490_2_0
5696_0_0,6009_2_0
5709_2_0,5825_3_5
5840_2_2,6056_2_4
5844_0_3,6552_0_4
5854_2_4,6422_5_3
5903_3_1,6322_2_0
6092_0_0,6893_3_4
6109_0_4,6114_1_3
6110_0_4,6561_0_1
6127_4_3,6438_5_4
6170_2_2,6484_3_1
6256_3_1,6727_1_5
6265_2_0,6681_0_3
6438_5_4,6512_3_1
6483_3_3,6922_1_6
6495_5_4,6533_4_2
6605_4_1,6803_4_3
6650_0_4,6967_4_4
6863_5_5,6960_5_0
4003_2_3,5924_2_4
4026_4_3,6757_5_2
4045_2_2,4239_0_4
4078_4_4,5552_0_2
4079_4_1,6246_0_0
4091_3_1,5861_1_2
4095_4_2,6038_2_4
4097_1_0,5604_0_0
4145_3_1,5488_3_4
4156_5_0,4201_3_2
4174_2_1,6589_1_2
4208_4_3,6364_5_1
4217_3_3,5323_2_5
4261_2_2,4817_0_1
4331_4_4,5770_2_5
4371_1_3,5792_2_5
4374_1_1,5723_0_3
4374_1_3,5044_1_4
4407_0_1,6598_4_1
4440_0_4,4580_1_2
4465_4_0,4974_4_3
4472_2_0,6756_1_0
4538_4_1,5706_0_0
4554_5_1,6249_0_3
4575_0_5,6494_1_6
4588_1_4,6356_5_6
4594_4_1,5505_3_3
4598_2_2,6180_5_3
4601_4_0,6890_1_1
4638_0_3,6772_3_0
4643_3_6,5285_0_0
4646_5_1,6548_4_2
4669_0_4,4673_2_4
4679_4_5,4981_1_4
4729_5_5,5330_2_2
4730_3_4,5580_2_4
4750_1_1,5324_4_4
4762_0_0,5452_0_6
4770_2_3,5851_0_2
4776_4_1,6183_5_3
4872_2_6,6220_4_4
4887_2_1,6245_0_4
4925_4_2,5956_5_3
4955_4_0,6838_4_5
4979_2_6,6114_2_3
4990_4_1,5601_2_2
4994_0_0,5096_1_2
5010_2_2,6606_4_1
5017_4_3,6155_3_2
5024_0_3,5427_3_3
5066_2_1,6950_4_0
5078_2_4,6288_4_0
5173_2_1,5829_3_0
5284_5_0,6793_1_0
5301_0_4,5747_0_5
5317_2_3,5660_4_2
5332_3_1,5959_0_3
5345_0_4,5736_2_3
5405_0_0,6965_0_4
5411_3_4,5419_4_0
5483_4_1,5690_4_5
5484_2_2,6052_1_4
5547_4_4,6571_1_4
5599_1_4,6537_5_0
5705_1_1,5785_3_4
5837_5_3,6081_1_5
5857_0_6,6458_5_2
5874_3_6,6017_1_4
5920_2_1,6134_0_5
5922_4_3,6935_4_4
5949_2_2,6898_1_3
5958_4_4,6503_0_3
5997_2_1,6070_2_4
6009_2_1,6196_5_6
6114_1_4,6481_4_2
6170_3_0,6669_4_2
6194_4_3,6337_2_0
6263_0_3,6366_2_1
6265_2_3,6527_0_0
6384_3_1,6789_2_2
6402_2_1,6895_1_0
4022_5_0,5768_5_0
4024_2_5,5433_2_2
4031_5_0,5033_3_3
4032_5_4,4430_5_0
4033_5_2,5226_0_1
4137_2_6,5307_3_4
4169_5_0,6955_0_3
4196_0_4,4372_1_3
4247_3_0,4779_1_1
4268_2_6,6844_0_1
4332_4_5,5522_1_3
4383_3_0,5460_4_3
4397_2_3,5248_1_2
4412_2_6,4912_1_3
4452_1_4,5382_2_4
4453_4_1,5644_3_1
4470_4_1,6903_3_1
4489_1_4,6256_4_5
4489_4_3,6588_4_5
4525_1_2,6184_2_1
4529_4_0,5960_1_4
4561_1_5,5421_2_0
4606_2_2,5295_4_1
4621_4_4,5942_1_5
4623_5_0,5670_5_4
4654_5_2,5379_4_2
4671_2_3,6346_2_2
4750_0_4,5192_4_4
4787_5_3,6079_0_1
4788_2_5,5728_1_1
4897_3_2,6036_3_2
4913_1_2,6575_3_6
4915_5_2,6021_4_0
4927_3_4,4998_0_5
4940_0_5,6496_2_4
4949_1_0,5090_5_2
5036_0_1,5087_5_3
5055_4_3,5309_0_0
5089_1_2,5645_4_3
5093_4_2,6687_2_5
5109_2_2,5193_2_5
5132_2_3,6365_1_6
5167_1_3,5745_0_1
5173_1_0,5526_3_2
5196_2_5,6085_5_6
5198_3_2,6636_2_4
5217_3_5,5922_3_4
5273_4_2,6225_3_6
5289_1_3,6496_0_4
5336_5_5,6904_5_1
5364_0_1,5914_2_0
5370_1_2,6605_3_6
5380_0_4,6691_2_5
5531_4_1,5827_3_2
5543_2_5,6541_3_1
5559_3_5,5791_3_1
5656_0_4,6902_2_6
5657_5_2,5801_5_3
5670_5_3,6396_1_0
5732_5_0,6917_2_4
5815_2_1,6216_2_1
5843_2_0,6116_3_6
5896_0_1,6263_2_2
6015_0_1,6815_2_0
6134_3_0,6748_0_6
6164_3_0,6561_3_4
6391_3_2,6999_3_4
6394_1_2,6748_5_2
6532_2_3,6566_1_1
6680_2_4,6783_0_3
6733_1_5,6743_2_3
6863_4_2,6936_1_0
4014_0_1,4499_3_2
4057_4_4,4815_0_1
4099_2_2,5110_1_1
4155_0_1,4601_1_2
4194_4_3,4432_1_3
4233_4_4,5635_4_3
4287_2_1,6424_3_1
4307_2_5,5635_4_3
4319_2_6,4801_3_1
4338_3_4,5365_3_1
4389_0_0,4776_0_0
4406_2_0,6960_3_1
4420_3_4,6399_0_5
4439_5_2,4657_3_3
4442_1_4,5207_4_4
4509_4_0,5650_0_2
4512_4_1,5775_3_2
4525_2_0,6882_0_5
4602_3_1,6243_3_2
4640_4_6,4939_0_6
4724_2_4,5953_4_0
4808_0_3,5058_5_4
4828_0_0,6172_4_3
4900_1_2,5666_1_1
4907_4_5,6854_3_1
4966_4_4,6695_2_2
4971_3_0,6490_1_2
4977_3_0,5950_3_3
4982_2_0,5761_0_5
5044_1_4,5929_4_2
5045_0_0,5830_2_5
5054_1_5,5839_2_2
5095_5_5,6914_5_6
5107_1_4,6315_5_3
5118_1_3,5336_1_1
5122_3_4,5495_3_0
5123_4_4,6675_0_3
5146_2_2,6160_1_3
5195_1_3,5529_0_1
5220_4_0,5835_3_4
5236_1_1,6129_0_5
5298_5_1,6879_4_3
5388_0_1,5451_4_0
5396_4_1,6017_2_3
5421_3_3,5566_0_5
5423_3_0,6619_3_4
5483_2_3,6390_2_2
5518_0_1,5771_3_0
5559_4_0,5917_5_3
5622_5_3,6628_1_2
5628_5_5,6060_3_4
5674_3_3,6166_3_4
5691_0_2,6837_3_5
5704_2_2,6796_3_2
5713_4_2,6826_3_0
5730_5_4,5840_4_3
5785_4_1,5991_1_3
5837_5_2,6615_3_3
5892_1_0,6910_0_5
5898_5_0,5991_4_4
5943_1_2,6178_0_1
6174_4_4,6180_3_3
6196_1_1,6596_5_0
6252_4_1,6744_4_3
6361_0_6,6478_4_2
6394_1_5,6418_1_2
4015_2_0,6822_0_5
4058_4_2,5914_3_3
4070_4_3,5935_3_5
4082_0_1,5851_0_0
4099_4_3,4667_0_1
4102_0_1,4386_3_4
4108_0_2,6627_5_0
4112_1_3,5814_3_3
4116_2_3,6152_4_0
4224_4_1,6895_1_5
4225_1_5,6468_0_4
4241_1_0,6220_0_5
4258_3_2,6330_1_1
4272_4_3,6824_4_4
4313_0_1,6466_4_4
4318_5_1,6405_2_4
4351_4_5,6186_4_3
4365_3_0,6203_2_6
4483_4_5,6773_3_6
4498_1_1,4508_0_4
4517_5_3,5359_5_1
4522_2_5,6653_0_0
4569_4_0,5416_4_1
4571_2_1,6427_1_2
4630_2_1,5431_0_4
4664_2_5,6444_3_2
4665_2_3,6936_2_0
4710_0_4,5994_0_0
4775_3_2,6298_0_0
4792_2_6,5500_3_2
4997_2_0,6100_0_0
4998_0_5,5383_4_3
5036_5_5,6093_2_3
5055_0_2,5516_3_0
5120_0_2,6808_3_6
5177_5_0,5890_1_0
5355_0_3,6418_3_6
5383_4_3,5470_0_1
5444_5_5,6257_0_5
5492_2_3,6392_0_5
5507_3_6,5724_3_0
5526_0_3,6775_4_5
5530_4_4,6511_2_5
5564_4_6,6019_5_5
5572_2_2,6416_0_4
5793_2_1,6896_3_0
5834_4_2,6913_0_4
5989_4_1,6229_1_2
6004_4_4,6776_2_2
6129_0_5,6192_1_2
6244_1_0,6481_3_5
6395_2_5,6569_5_3
6404_1_3,6708_0_4
6483_5_1,6747_4_0
4057_2_3,6830_3_0
4066_1_5,4758_5_2
4131_1_2,6995_1_3
4174_4_3,6760_4_1
4210_1_3,6262_0_4
4278_0_1,6882_0_0
4327_5_4,6255_0_3
4409_1_5,6264_0_1
4428_1_5,6264_3_2
4526_0_2,5096_4_2
4592_0_6,4961_0_0
4596_0_5,5756_0_3
4647_3_1,5258_1_4
4686_2_5,5981_0_4
4695_0_4,5693_5_2
4709_0_2,6767_3_3
4727_4_0,5136_2_3
4757_0_2,6273_3_4
4792_2_3,6540_5_3
4897_4_0,6113_5_6
4952_0_0,6427_1_5
5000_4_2,5743_2_5
5002_3_1,5474_5_5
5156_3_3,6387_1_3
5207_4_3,6645_2_0
5306_3_3,6162_5_0
5318_2_2,6020_3_5
5372_4_1,5710_0_0
5393_4_3,6175_2_0
5471_0_3,5855_3_6
5690_1_2,6781_3_3
5711_3_4,6406_1_5
5838_0_2,6320_3_0
6109_5_6,6233_1_3
6297_0_4,6387_1_4
6341_2_4,6577_0_3
6423_2_5,6923_0_2
6482_1_3,6649_4_2
4016_5_3,6974_1_3
4034_4_5,5804_1_3
4110_2_2,5688_3_1
4197_1_2,4950_0_3
4215_0_0,4918_0_6
4248_3_1,4269_2_5
4254_2_0,6108_1_3
4639_0_2,5754_1_2
4773_0_0,6766_2_3
4962_1_6,6417_4_2
5018_4_4,5877_4_4
5039_1_0,6437_0_6
5053_1_4,5172_0_1
5119_3_5,6938_1_2
5283_1_3,6430_3_1
5412_4_1,6268_1_1
5460_4_1,6415_1_3
5500_3_0,6456_5_6
5743_2_5,6194_1_0
5814_0_5,6683_1_4
6101_0_5,6296_3_5
6284_3_3,6795_2_0
4030_0_6,6687_0_1
4124_0_6,4570_4_6
4127_2_0,6748_0_5
4143_3_5,6773_1_5
4220_0_5,5182_1_2
4232_3_2,5410_1_0
4417_4_4,6077_3_3
4582_5_4,5878_5_4
4741_4_1,5129_4_0
4973_3_1,5800_3_3
5004_1_4,5456_2_5
5158_1_1,5383_3_4
5211_2_1,6735_5_6
5240_3_0,5354_3_3
5465_2_2,5666_5_3
5481_4_2,6295_2_3
5775_0_5,6907_0_4
5973_2_5,6083_3_2
6031_1_3,6822_1_4
6327_3_0,6711_2_3
6623_4_2,6977_1_0
4093_5_5,6343_3_0
4238_0_5,5590_4_1
4241_3_2,6693_0_0
4337_1_1,5816_0_0
4354_3_3,6024_3_2
4380_3_6,6347_1_2
4672_2_1,4740_3_1
4933_0_5,6222_2_4
5228_4_0,6494_2_3
5313_1_2,5343_2_5
5384_1_1,6890_0_4
5484_2_0,6116_4_0
5492_2_0,5556_4_4
5837_5_1,6210_3_1
5838_1_1,6798_0_2
6158_5_0,6308_1_4
6337_3_2,6786_3_5
6578_1_4,6967_4_1
6751_3_0,6801_2_1
4097_2_0,6581_0_0
4107_4_0,6897_4_1
4140_0_1,6449_1_3
4148_0_1,5689_0_0
4313_4_3,4361_5_3
4751_1_1,6155_2_4
4773_4_1,5857_5_2
5052_1_0,6403_4_0
5638_3_6,6215_2_5
5675_3_0,6600_0_1
5691_3_1,6815_3_1
5772_2_5,6185_0_1
5814_4_2,6721_2_2
5839_5_6,6309_3_1
6165_3_0,6176_3_1
4036_1_4,5199_2_2
4062_3_1,6001_4_4
4961_4_5,6404_2_3
5088_1_4,6277_4_2
5199_2_2,5740_1_4
5241_5_2,6437_1_1
6305_0_4,6730_4_3
5066_2_0,6672_1_2
5090_1_3,6206_0_1
5374_2_6,6683_1_3
5385_0_4,6890_5_0
5396_2_3,6209_2_1
4834_0_0,5311_3_1
4296_2_2,4668_4_0
4318_1_3,5429_5_4
4733_3_0,5607_3_1
5180_2_0,6861_3_1
5491_5_0,6490_2_1
6164_1_5,6419_4_4
4354_3_0,4421_1_1
5178_0_5,5971_0_1
4923_4_2,5592_2_4
5190_3_2,6491_5_2
6162_1_3,6990_4_4
5887_3_0,6794_2_0
4315_1_0,4480_4_5
6772_4_3,6883_0_4
5079_3_1,6569_1_4
5989_2_0,6469_2_2
4583_0_3,5617_1_2
5603_4_2,6412_2_6
6776_4_5,6791_0_4
5759_4_4,6237_4_2
5137_4_0,5621_1_3
4672_2_5,5771_2_2
5935_3_1,6148_5_4
4074_1_5,4966_4_2
6124_1_0,6282_3_4
6291_2_4,6826_0_0
4255_1_5,5191_3_5
6231_0_2,6505_4_3
4784_4_3,6815_0_2
4065_1_1,4747_2_0
4358_5_5,5545_0_1
4038_4_0,4798_4_1
4264_3_5,5982_5_1
5427_2_4,5486_1_0
6061_2_3,6659_3_2
4201_5_0,6000_2_0
5294_3_2,5897_3_1
5897_3_1,6097_3_4
5698_2_3,5766_2_0
4072_1_2,5932_4_6
4770_4_6,5561_3_3
5345_0_3,6315_2_2
5731_4_0,6637_1_2
6100_4_6,6613_4_0
5055_4_1,5551_2_0
4385_0_4,4669_3_0
6203_3_5,6633_0_6
4067_2_6,6736_5_3
4404_1_6,6099_4_0
4212_2_1,4714_2_4
5547_2_1,6477_5_0
4579_0_0,5062_4_6
4084_4_0,4961_0_3
6652_4_2,6743_1_2
4699_0_5,4918_0_6
6265_1_1,6523_2_6
4196_0_2,5027_3_4
5837_3_5,6614_2_2
4048_1_2,4079_2_0
4060_4_4,5181_2_4
4174_4_1,6997_5_1
5853_4_0,6979_0_2
5505_3_1,5699_3_5
5794_4_6,5939_3_1
4864_1_5,5274_1_2
6054_3_4,6782_3_1
4090_0_0,4671_4_0
4710_3_4,6343_0_4
5747_0_4,6296_5_2
6159_2_2,6728_3_4
4470_3_3,5596_3_4
4962_3_3,5137_0_4
6082_3_3,6232_2_4
4572_4_1,5501_3_0
4474_5_5,6470_5_3
5897_2_3,6941_3_0
4597_0_0,5208_1_5
4227_5_3,4684_1_2
5310_2_6,5781_3_6
5177_5_1,5532_3_6
5609_4_4,6763_3_2
6293_2_1,6514_4_3
4700_4_1,6240_2_0
4057_1_0,5660_4_0
5770_2_0,6687_0_0
4858_4_5,5345_4_3
5221_4_4,6342_2_4
4353_0_4,6234_5_2
5180_4_2,6891_1_0
5200_0_5,5306_2_0
5429_2_5,5591_1_2
5675_5_0,5796_0_3
5184_4_2,6298_0_0
4576_0_6,4683_0_1
5276_0_5,5766_0_3
5187_4_5,6288_3_3
6296_2_1,6720_2_4
5247_4_3,6657_3_1
4510_2_3,5776_1_1
4678_1_2,6995_4_1
6292_1_4,6998_3_3
6132_0_4,6285_4_3
4808_1_1,5886_0_3
5553_0_0,5584_0_1
5590_2_2,5782_5_2
6308_3_1,6354_2_5
4018_0_1,4334_2_3
4358_5_4,5172_0_6
4345_2_2,4506_0_2
4152_2_1,5532_3_4
4686_0_3,4883_4_5
5514_4_0,6342_0_0
4582_5_5,6757_5_3
4209_0_3,4310_4_5
4849_0_6,5105_3_2
5590_3_0,6345_2_1
4426_4_1,6598_0_1
5333_1_1,6153_4_0
4736_2_0,5014_5_6
4506_0_2,6153_4_0
4384_1_1,5976_1_1
4406_0_1,5385_0_0
4396_1_0,4759_3_4
5936_3_3,6112_0_3
5620_2_3,5823_1_1
4477_0_6,5609_1_2
4936_1_3,6465_2_6
4908_0_2,5273_1_0
4362_4_1,6849_1_3
5575_5_6,6845_4_0
4443_1_6,5827_5_1
5668_1_6,6824_1_2
4314_5_4,6401_0_2
4071_5_6,4637_1_2
5019_4_1,6651_4_2
4305_3_2,5715_3_5
5409_3_5,6738_1_2
5012_1_6,6770_0_2
4192_0_5,4240_3_2
4567_0_1,4723_2_0
4547_4_6,6935_2_3
5845_2_2,6040_5_2
4445_3_0,4497_0_4
4582_1_1,4664_2_3
4377_2_0,4639_0_3
4843_1_2,5200_2_2
6362_4_3,6412_1_1
4241_3_1,5444_4_3
5407_1_0,6204_4_6
5058_0_6,5626_4_4
5002_2_5,6650_1_5
4859_2_2,6824_2_3
4220_3_0,6528_0_2
4361_3_4,5975_2_3
4150_0_3,4773_1_3
4753_1_0,6618_2_5
6640_3_4,6970_5_2
4208_3_6,4472_5_3
5601_4_5,6719_0_1
4156_2_4,5962_2_0
5151_1_1,6876_0_1
4312_0_3,5039_1_1
4182_2_0,4328_1_3
4064_3_0,5675_3_1
6048_2_1,6460_4_0
4932_3_3,5717_0_1
4547_4_0,6351_2_0
4162_3_0,5322_4_0
4366_3_0,6979_3_3
4237_5_6,5496_4_0
5469_4_5,6971_1_5
5881_5_4,5952_0_2
5237_3_0,6717_3_5
6960_1_3,6995_3_5
5157_1_4,6686_2_6
5193_1_1,6057_1_4
5047_5_3,5658_5_1
5731_0_4,6115_4_2
6088_3_2,6875_4_4
5824_4_2,6198_1_0
4145_5_2,5668_4_3
4717_0_4,6183_5_6
5279_2_6,6842_1_3
4269_5_2,6610_1_4
4507_5_1,6063_4_4
5592_5_5,5812_1_5
6545_1_5,6838_1_2
4050_1_1,4234_5_0
5109_5_3,5289_5_0
5489_3_2,6307_5_3
4370_1_3,5921_2_3
6360_2_4,6937_1_2
4137_3_2,4536_0_3
4192_1_1,4374_0_0
4901_0_6,5278_4_3
4271_5_3,4428_5_4
6229_1_4,6357_5_1
4201_2_1,5984_2_0
5091_5_2,5360_0_2
4892_4_2,6584_4_0
4030_0_0,4500_3_1
4614_4_2,5644_5_4
5212_4_4,5728_3_3
4230_4_2,6836_2_3
4455_5_0,4472_2_1
5855_3_0,6371_2_4
5063_2_4,5552_0_2
5686_5_0,6335_0_1
4279_1_5,4472_2_5
4367_3_3,4920_1_5
4860_2_3,6378_4_3
6321_0_4,6787_3_3
6322_3_6,6599_0_4
4156_0_4,5810_1_1
4417_4_2,6666_1_3
4588_4_0,5670_1_1
4605_3_5,4971_0_3
4082_3_5,5622_2_0
4285_2_0,4977_4_4
4434_2_0,5724_3_1
4736_5_2,5558_1_5
4009_1_1,5770_4_1
4769_1_4,6781_3_1
4068_4_6,4211_0_2
4186_0_3,6614_2_5
4696_4_2,6039_4_4
4275_3_2,5104_1_6
4666_2_5,5863_4_2
4538_5_1,4662_5_2
4638_4_3,4684_1_3
5133_0_2,5582_1_0
4002_1_3,5670_5_0
4715_2_3,5316_3_1
4310_5_3,4424_5_0
4944_0_0,5655_5_3
4546_0_4,6712_0_0
4625_0_0,4979_2_3
4051_3_4,4597_0_1
5959_3_4,6172_0_6
4747_5_1,4852_5_3
4654_5_0,5770_1_5
4744_5_4,6645_2_2
4159_4_3,5243_1_5
5422_1_0,6884_4_4
4387_2_4,4920_4_3
4911_0_2,5047_0_0
6148_3_3,6360_1_5
6091_1_1,6375_3_4
5296_3_0,5437_2_0
6438_3_0,6807_2_2
5287_2_1,6199_1_0
4085_2_2,6950_2_4
6907_4_3,6969_3_6
6473_0_2,6693_4_5
5076_3_5,6942_3_4
4401_0_5,6019_2_4
4863_2_2,5350_3_3
5196_1_4,6702_2_1
6386_3_3,6742_4_4
4739_1_6,5375_4_3
4379_2_4,5482_0_0
5482_0_0,5716_2_5
4335_3_3,4957_3_5
4450_2_4,4741_4_4
6560_0_4,6964_3_0
4447_5_2,4661_4_6
5177_1_4,6768_0_0
5313_5_5,6688_3_4
4994_1_3,6544_4_3
4423_0_1,6240_1_1
6293_3_4,6995_2_2
4259_1_2,4470_1_3
4335_4_2,6353_4_3
4670_1_2,6934_5_4
5469_0_4,6336_0_3
4808_1_2,5938_0_1
4673_4_4,5900_4_0
6205_0_5,6263_5_2
5399_2_0,5722_3_5
5234_2_4,6357_0_1
5026_3_4,6882_0_4
6371_2_0,6455_5_1
4531_4_3,4718_4_1
4614_0_3,4852_2_5
4652_1_4,6163_2_2
5104_0_2,5941_0_2
4552_2_1,4758_3_0
4078_5_5,5905_3_0
4135_2_0,4823_0_2
5652_4_1,6443_0_0
4628_1_1,5134_5_6
5750_4_1,6364_2_3
5462_5_2,6088_1_4
4287_2_0,5481_2_0
5207_1_6,5539_1_3
5427_1_3,6023_5_0
5378_2_6,6395_2_1
5888_2_6,6615_1_2
5443_0_3,5651_3_1
4520_5_0,5818_5_3
4470_5_1,5008_4_3
4932_3_4,5241_3_1
5554_3_6,6629_0_2
5288_3_2,6761_5_3
4354_3_2,6012_0_4
4984_2_2,6887_1_0
4043_2_4,4364_0_5
5213_3_2,6831_0_2
5021_2_3,6926_3_0
5935_0_1,6205_5_1
6478_4_0,6604_4_2
5132_0_5,6724_0_1
5730_1_2,5827_3_0
4382_1_0,6610_1_6
4572_2_1,6256_1_4
6219_0_0,6463_1_3
6010_3_5,6415_0_2
6385_4_6,6886_0_0
4414_2_4,4676_4_1
4920_1_2,5964_4_1
5179_4_3,6749_2_5
5937_3_3,6652_1_5
4902_3_1,6494_1_3
4601_3_0,5498_4_5
4201_5_3,5218_1_1
5740_0_0,6605_4_6
4164_5_4,6702_0_3
4298_4_1,5501_0_4
5428_0_1,5943_3_2
5993_4_5,6591_3_1
4583_3_5,5577_1_1
4326_0_4,6083_3_3
5764_4_2,6631_2_0
4305_2_3,4661_4_5
6172_4_4,6460_3_2
4168_1_1,6760_1_2
5717_3_1,6926_5_2
4032_1_2,4765_4_1
4728_4_4,6456_4_4
4780_2_1,6888_0_1
4172_4_1,6953_4_0
5892_0_3,6751_1_1
4782_3_6,6480_0_3
5134_1_1,5733_0_3
5964_1_3,6827_1_3
6172_0_5,6452_4_2
5812_2_2,6609_2_4
4283_2_1,6624_3_0
4542_4_4,6262_4_2
5143_4_3,6608_3_3
4762_4_0,4843_4_3
4621_1_3,5390_1_2
5203_0_4,6675_0_1
4216_2_0,4430_0_1
4863_0_3,5373_1_3
5109_5_0,5163_4_4
4048_0_3,4492_3_5
4135_0_2,4707_3_3
6202_4_4,6720_3_3
4480_5_1,5791_2_5
5557_0_0,6202_4_6
5180_5_2,6227_4_5
4318_4_5,5061_1_3
5984_1_2,6572_4_3
6247_3_2,6751_0_0
4708_0_1,6555_1_4
5318_4_1,5436_5_2
5519_3_2,5816_3_1
5471_4_1,5917_4_1
5676_4_1,5920_2_5
4983_0_2,6803_1_5
4094_5_0,5964_0_0
6337_2_0,6594_3_3
4037_3_5,5820_2_0
5342_4_2,6085_1_3
4268_2_4,4893_1_6
4086_4_2,6525_1_3
4575_4_3,5531_3_5
5774_3_3,6209_2_1
5695_2_0,6734_0_2
4101_4_2,6736_3_3
5441_3_2,6482_2_5
4674_4_5,5466_4_1
4734_4_0,6725_0_0
5262_2_4,5360_1_6
4633_3_1,5756_5_1
4902_1_3,5235_5_5
4625_4_4,5363_0_3
5026_1_1,5960_4_4
4962_0_6,5723_2_2
5465_1_4,6758_5_1
4672_3_5,6090_1_3
4387_1_0,4567_4_5
4584_5_5,6141_4_0
4047_3_6,6638_1_5
5359_0_4,6495_2_1
4647_1_5,6901_1_4
5908_2_1,6395_4_0
4481_0_6,4905_1_1
6294_3_6,6832_2_5
5993_5_3,6854_1_4
5352_4_2,5483_1_4
4287_4_1,4589_1_5
4308_4_5,4799_1_3
4781_2_5,5109_1_4
4127_0_3,5890_4_1
5986_3_0,6227_3_0
4703_3_1,6355_2_5
4395_5_4,5729_4_1
4491_4_3,4626_2_2
4090_0_1,6788_2_5
5141_5_4,5651_0_1
5220_4_4,5944_2_2
5450_2_3,5452_1_3
6027_4_4,6076_3_1
5765_2_2,6495_1_1
5748_3_5,6485_4_0
5514_1_1,6569_1_2
5162_2_3,6479_3_4
5147_4_2,6944_4_0
5199_3_0,6011_4_0
5054_5_4,6502_2_6
6486_5_5,6916_0_2
4243_3_0,6573_1_4
4697_0_1,6963_2_1
6176_3_3,6700_1_5
5336_5_2,5609_5_2
4853_3_2,5054_3_3
6701_4_1,6752_5_0
4325_4_0,4423_0_4
6131_0_4,6755_4_1
4063_3_5,4420_5_2
4027_2_1,6371_0_3
6424_1_2,6624_3_5
5353_4_4,6816_1_3
4154_2_1,5905_0_1
6390_2_4,6840_3_4
4076_2_4,5055_1_4
4486_2_0,6557_0_2
4805_2_1,5181_3_4
4678_4_5,5958_3_2
4990_0_1,6336_5_1
6178_3_1,6589_0_3
4394_2_5,6594_4_4
4450_3_1,6532_2_4
4747_0_4,5605_5_5
4305_2_4,5699_0_2
4943_2_2,6389_0_4
4286_1_3,6085_4_1
4858_3_4,6085_4_1
4893_1_5,6085_4_1
5458_2_1,6540_4_2
5392_4_2,5642_0_0
4696_2_2,5642_0_0
4781_0_0,5839_0_2
4735_2_0,5390_5_1
4772_0_3,6351_3_0
5262_1_1,6320_0_2
4752_4_0,6673_4_3
5430_0_1,6714_4_3
5387_0_2,6964_2_2
6744_5_2,6765_3_0
6077_4_2,6961_4_1
4110_3_3,5887_3_5
4691_4_2,5607_4_3
4792_2_5,6242_4_3
4500_0_2,5638_4_2
4713_4_3,6414_0_4
4290_2_4,5994_0_1
5044_4_2,5358_2_6
4711_1_3,5521_1_2
4878_1_3,5500_2_0
5537_1_0,6805_1_1
5450_1_4,6377_1_0
4312_1_1,4835_0_1
4236_1_3,5131_5_3
6121_1_5,6733_5_4
4933_4_0,5223_4_3
6044_2_3,6228_0_1
4295_2_1,6140_0_4
5960_3_0,6000_1_1
4073_3_2,6668_1_3
4867_4_2,6591_0_4
4500_1_4,4961_4_6
4154_2_2,4417_4_1
4538_0_5,5745_4_2
5050_1_0,5899_0_1
5412_0_3,6816_2_4
4260_5_2,6382_2_2
5349_4_3,6656_0_2
4625_3_1,6691_4_4
4362_1_0,6192_2_5
4055_2_3,4677_3_5
4817_4_2,5477_4_0
4935_3_3,6959_2_6
4209_2_0,4703_4_4
4339_2_1,4752_3_4
5405_1_3,5912_1_0
6128_2_1,6640_0_4
5231_2_3,6386_2_0
4505_4_1,5902_4_3
5835_2_0,5864_3_5
5069_4_0,6328_1_5
6332_5_2,6999_3_5
5491_1_3,6698_2_0
6350_2_4,6863_5_2
4247_3_1,5652_1_6
4133_3_0,4588_0_2
4852_0_2,4914_0_2
6032_1_1,6958_2_4
4222_3_4,4607_0_4
4132_0_1,5174_2_2
5285_4_1,6978_0_4
6482_1_0,6823_4_5
4003_0_5,4060_4_5
5735_3_5,5917_2_2
4363_4_4,6059_2_2
5280_1_1,5609_1_4
5228_4_6,6048_2_5
5027_0_1,5562_2_1
5428_4_6,5853_0_2
5191_5_2,6270_1_4
5061_4_4,5759_5_3
5899_4_5,6897_5_0
6299_5_2,6413_0_0
4936_4_6,5732_5_2
4185_3_3,6482_3_5
4078_3_0,5052_4_1
4939_1_1,6439_1_2
4841_2_2,6954_1_3
4079_3_5,4878_4_4
5457_2_3,6065_4_1
4314_3_3,5841_2_0
5601_0_2,6643_4_3
5357_1_1,5634_1_2
4556_4_1,6875_1_0
4258_2_5,4851_0_3
4789_0_4,4796_0_6
4553_5_3,5256_5_6
5409_3_2,5548_3_1
4400_5_1,6518_1_5
5438_1_5,6315_0_0
5202_0_0,5660_5_5
4651_0_1,6512_4_4
5335_0_0,5702_4_5
4697_4_3,6473_2_0
5996_1_4,6099_0_1
5906_1_6,6892_2_1
5632_2_1,5848_3_4
5262_5_6,6821_5_3
5077_3_4,5276_3_1
5238_5_6,5319_1_2
4898_0_1,5262_4_1
5280_3_1,5631_3_1
4659_4_0,6744_0_6
4846_0_1,6650_4_0
4697_4_4,6299_5_5
4968_2_5,6595_4_3
5843_2_4,5995_1_5
5088_4_0,6646_0_6
6033_1_6,6951_2_0
4742_1_2,5315_1_4
5839_0_6,6946_2_4
5006_1_6,6694_4_0
4230_0_3,4957_4_0
5447_1_4,6108_5_0
4814_3_5,4987_4_5
6128_3_3,6971_4_4
4375_3_3,5897_0_4
5910_1_4,6821_3_3
4192_4_5,6049_2_5
5747_1_0,5954_1_0
6096_2_4,6434_2_2
5126_2_4,6162_3_0
4257_3_5,5273_0_4
4035_5_4,5171_2_0
5666_2_4,6280_2_4
5817_1_4,6148_0_1
6750_4_4,6936_4_4
4754_3_0,6702_2_5
5994_4_4,6600_0_1
4050_1_2,4325_0_3
4460_2_2,6069_5_6
4458_1_1,4822_3_5
5551_3_4,6994_2_2
5077_2_4,5531_0_4
4521_3_0,6884_1_1
4597_3_0,4911_0_4
4359_4_3,6330_2_0
5433_0_1,6950_0_2
6053_4_0,6216_4_6
4610_0_5,5203_2_3
4377_1_3,4856_1_2
4156_0_0,6047_1_1
6333_1_3,6643_4_1
5163_3_0,5986_2_6
4012_3_2,6454_1_3
4679_2_2,5735_2_1
4432_2_3,5646_0_3
4717_2_4,6353_2_2
4192_2_0,4464_0_2
5244_0_1,5574_3_2
5024_1_2,5470_3_1
4107_4_3,4281_3_5
4742_0_2,4783_2_5
4440_5_4,5328_1_2
4456_4_3,4751_0_0
4051_3_3,4828_1_1
6085_4_1,6935_0_3
5701_4_4,6158_0_5
5526_0_5,6272_1_0
4623_4_4,6642_4_0
4898_1_2,6517_0_4
5741_4_4,5984_0_3
4225_2_1,4372_3_3
5338_0_2,6451_0_1
6179_5_1,6304_1_3
4016_3_3,6304_1_3
5343_1_0,6255_2_0
4084_0_1,6925_4_4
4923_3_1,5202_0_6
5816_3_4,6984_3_0
6173_0_4,6439_5_2
4773_4_2,6457_1_3
4486_5_1,5328_0_1
4342_4_0,6556_1_4
4692_0_3,5597_3_1
4552_5_0,6140_3_3
4544_2_3,4674_4_0
6838_3_5,6901_3_3
5409_4_6,5887_1_1
6463_3_1,6839_1_3
4837_3_5,5995_1_5
4252_2_6,4403_4_3
6112_2_4,6317_3_2
4851_1_5,6933_1_0
5682_2_1,6347_4_4
5255_2_0,5339_0_0
4310_0_0,4943_3_1
5095_1_1,5244_1_0
4258_4_2,4803_3_1
5141_4_1,5261_5_1
4448_1_0,6461_1_3
4265_3_5,4901_0_1
5020_3_0,6168_4_2
4728_0_4,6941_3_5
4016_3_2,5138_4_1
5086_3_3,6627_5_2
6577_4_4,6933_3_6
5446_5_2,6343_4_2
6488_1_1,6604_5_4
4432_2_2,4739_4_5
4595_0_3,4756_4_1
4113_4_1,6209_1_1
4337_0_0,4986_3_3
6005_1_3,6142_3_0
6050_2_2,6077_3_5
5095_5_4,6318_5_5
5873_2_3,5894_2_0
4937_0_0,5630_0_1
5183_3_4,6404_4_4
6404_4_4,6870_0_4
4532_0_1,5967_1_5
6336_1_3,6647_0_4
6014_1_2,6741_4_5
4876_2_5,6041_4_0
4968_0_3,6750_0_6
4623_4_5,5715_1_5
4798_2_2,6196_3_1
4477_3_6,6652_2_4
5038_1_4,6191_4_3
4210_0_3,4290_4_0
4177_4_3,5837_3_4
6089_5_4,6230_0_4
4279_4_5,6478_5_2
5667_2_5,5682_1_4
4450_5_3,4643_0_2
4225_2_3,5197_4_0
4516_1_5,6268_5_5
5844_1_3,6905_2_2
4444_3_3,6729_5_1
4174_0_2,5205_4_1
4332_0_2,6253_1_4
4492_2_5,5699_0_5
4651_0_2,6162_2_0
5082_4_3,5978_0_1
5941_3_5,6879_1_2
4648_0_5,6921_1_3
5380_0_1,5885_5_1
4772_2_1,6969_5_3
5924_4_3,6643_1_1
5361_0_3,6281_3_3
5171_4_4,5600_0_6
4866_4_2,6269_2_4
4847_0_3,5684_3_2
4377_1_4,5754_0_0
4645_1_2,5834_0_5
4517_2_1,5090_2_2
5501_0_2,6904_4_4
6360_4_3,6617_4_6
4559_2_0,6914_1_5
4345_0_4,5678_3_1
5494_2_3,6595_2_2
4794_0_1,5366_0_4
5225_2_3,5265_1_3
6211_3_4,6724_1_2
5841_0_0,6077_5_3
4537_4_1,6362_4_1
6563_1_2,6973_4_2
5401_3_3,6244_1_4
4209_2_5,5669_2_6
5315_2_1,6472_0_2
5524_3_5,5651_4_2
4049_3_4,5855_0_5
6282_0_1,6665_3_4
4565_3_1,6950_3_2
4580_1_3,6936_4_3
5619_1_1,6463_0_3
4930_0_4,6363_0_4
4136_2_3,5635_3_2
5635_3_2,6872_4_1
5107_0_0,5502_4_4
5768_1_0,6252_4_0
5874_4_1,6904_2_4
5774_1_2,5842_1_5
5371_1_0,6356_0_1
5392_1_0,6770_2_3
4211_1_5,6402_1_4
4180_4_0,4225_0_3
5007_3_2,6792_2_0
5696_2_1,6399_5_3
6058_4_2,6537_0_4
4988_2_4,5373_5_5
4916_1_2,5065_0_6
5331_2_4,6779_4_4
4513_4_4,6348_4_1
4527_5_2,5178_5_0
6161_3_3,6505_4_3
5940_3_2,5978_3_1
4865_1_4,6782_5_1
4632_4_2,6830_1_2
5920_3_4,6827_2_5
5869_3_2,6285_3_0
5947_4_1,6205_1_5
4289_4_2,4373_0_5
4156_1_0,4645_4_4
5355_2_0,6899_2_5
4318_0_3,5424_3_4
5084_1_0,6397_3_4
4672_3_2,6751_0_2
5834_2_2,6845_5_3
5207_0_4,5916_2_3
4597_3_1,5911_0_2
4126_1_0,5451_2_1
4739_1_0,5028_2_0
6481_3_4,6607_5_2
4403_5_2,4545_4_6
4721_2_1,6254_2_5
4847_0_4,6999_4_1
4981_4_4,6525_3_6
5329_0_2,6966_4_3
6036_3_5,6624_4_1
4025_5_4,6086_0_0
4709_3_3,4872_4_4
4488_4_3,5169_0_2
5844_0_2,6332_4_3
5518_1_1,6351_2_1
4451_0_2,6437_3_4
4585_2_4,5239_5_2
4718_0_4,5597_2_2
5608_0_3,6738_3_3
5648_2_2,6021_2_0
6285_4_1,6320_4_0
4397_4_2,6995_2_2
4861_5_1,5536_3_3
5386_4_4,6835_0_0
4210_0_2,4931_0_5
5036_0_2,5548_3_3
6396_1_6,6763_3_0
4694_0_2,6875_2_2
4220_0_0,5520_1_4
5226_3_3,5811_3_4
4806_3_1,5315_0_2
5866_4_0,6293_1_2
4743_3_0,6453_0_0
5279_1_0,5391_3_0
5944_4_6,5995_1_5
5184_1_1,6658_0_0
4563_4_6,6436_0_6
5071_1_1,6098_2_4
4446_0_0,6432_4_3
4881_2_0,5632_2_2
5186_0_6,6323_0_1
4092_1_0,5251_3_3
4618_2_3,5067_2_6
5138_2_2,6085_1_4
5978_1_0,6495_1_2
5688_4_5,6147_2_2
5548_3_5,6269_0_4
4611_3_2,6514_2_2
5201_3_1,6419_3_4
4202_2_3,4847_4_2
4413_4_0,5981_4_3
6150_1_4,6207_2_0
4081_4_2,5657_2_3
4058_2_3,6298_2_3
4763_0_5,5737_1_2
4121_2_1,4443_5_2
6366_5_1,6779_2_5
5986_2_1,6243_2_3
5694_3_1,6840_2_4
5296_4_0,6863_5_1
4516_4_1,4778_1_0
5178_4_4,5781_3_1
4190_3_3,4524_4_6
4364_4_0,5003_0_2
4409_1_2,5857_2_3
5734_0_4,6985_4_5
5078_5_2,5562_0_4
4756_2_3,5724_0_2
4852_5_2,6118_0_1
5328_0_5,6088_5_5
6194_1_3,6293_0_3
5092_3_0,5965_3_4
4384_3_0,4654_3_0
4515_2_1,4682_3_3
6091_3_5,6383_1_1
4451_2_0,5802_2_1
4177_2_5,6180_1_4
5839_3_3,6378_3_4
4230_2_1,5525_0_0
6321_0_1,6512_1_5
6721_2_2,6887_0_4
4169_2_1,4529_1_5
4947_5_3,6795_4_3
5174_3_3,6424_3_3
5674_1_1,6961_3_0
4489_0_3,4824_5_1
4879_3_5,5311_4_1
4523_3_2,5200_0_2
6139_0_0,6480_4_0
4537_3_4,6111_1_5
4389_5_2,5171_0_6
5137_3_3,5949_4_2
4858_2_0,5290_0_4
4550_0_1,6978_3_4
5280_2_3,5858_3_5
4984_1_4,6375_1_1
4030_0_3,4860_4_0
4012_2_0,5903_3_6
4029_3_1,6244_1_3
6544_4_6,6663_2_0
4494_2_4,5161_4_5
4266_0_3,5676_3_0
4819_1_4,4880_5_0
4004_1_1,5889_2_2
6583_2_4,6612_3_3
5860_4_1,6528_2_4
5762_1_4,6384_0_2
4768_4_1,6251_4_1
5611_5_2,6831_4_3
5684_4_2,6147_5_5
5986_1_5,6747_4_3
4931_3_2,6954_4_6
5059_2_1,6278_5_2
4107_1_3,4268_5_2
5181_2_1,6537_3_1
5769_2_1,6947_5_1
4218_1_0,4881_4_5
4756_5_1,5725_4_0
6437_5_0,6591_1_2
5071_0_1,6283_2_2
4054_2_2,5288_4_0
5790_0_4,6062_3_5
5405_3_3,5601_3_0
4345_0_3,5799_3_1
5460_4_0,6889_4_2
4515_2_3,6201_4_3
4487_1_4,6850_2_1
5009_0_4,5242_1_4
4908_4_1,6164_3_6
4925_1_2,5583_0_3
4435_0_4,5876_1_2
5426_2_0,6053_2_3
6369_1_4,6676_1_6
4024_3_0,4726_2_2
5705_4_3,6811_4_6
4372_0_3,6164_0_0
6123_2_4,6175_0_1
4653_2_4,6881_5_0
4969_2_5,5648_3_4
4822_2_4,5032_3_2
4689_3_1,5538_2_2
4360_1_2,4798_3_0
5496_3_4,5719_0_3
4748_5_1,4752_4_1
6632_4_0,6645_2_5
5681_0_4,6253_2_0
5716_1_6,6362_1_2
5818_5_5,6830_5_4
5173_1_2,6747_3_3
4011_2_0,5592_5_1
5671_2_3,6269_0_5
5877_0_2,6577_2_4
6194_0_6,6625_1_0
5822_3_2,6124_3_4
4591_3_1,5223_1_4
4463_2_5,6308_4_1
4049_4_0,4111_1_6
4812_0_6,5806_2_1
5529_2_3,5689_4_2
4303_3_5,6522_3_4
5345_3_4,5496_3_6
4630_3_5,5224_2_4
4427_5_6,4558_0_1
4482_0_1,6613_4_3
4641_3_3,6612_3_4
4518_4_0,5031_2_3
5291_1_2,6413_3_2
4895_4_0,5286_1_3
5709_0_2,6737_1_0
4364_5_0,5094_2_0
5355_0_2,6023_1_2
5222_1_4,6996_2_3
4517_5_1,6688_1_2
5583_5_1,5817_1_0
5531_0_4,6270_1_4
4838_1_3,6941_1_3
4254_2_4,5503_0_6
5148_4_2,6165_1_1
4969_5_6,5010_1_0
4117_4_4,4565_1_2
5461_0_3,5743_4_0
4332_3_3,5227_4_3
4564_0_1,6505_2_2
4248_2_3,5748_1_2
6072_3_5,6296_3_2
4482_1_1,5213_3_4
4727_2_4,6271_4_5
4921_4_4,5525_0_2
6037_0_4,6711_2_4
4447_4_2,4565_4_1
4984_3_3,6452_2_1
5302_0_0,6914_4_4
6046_0_1,6903_1_0
4273_2_3,5244_0_4
4670_4_2,5286_4_0
4098_2_1,5730_3_3
5211_3_1,6494_3_1
5667_2_1,6945_0_2
5197_3_2,5534_1_0
5968_5_4,6802_4_5
5438_5_3,6355_5_3
5350_3_3,6014_0_2
5753_0_3,6447_4_3
5204_3_1,6244_5_4
5177_0_1,6578_1_5
4869_0_4,6324_5_4
4571_2_3,6208_4_0
4437_2_4,6795_4_0
4300_3_6,6006_3_0
4213_3_4,6750_1_2
5366_3_3,6411_1_2
4418_4_3,4434_5_6
4787_5_6,6714_0_4
4324_3_0,6782_0_2
6268_0_3,6782_0_2
6516_4_4,6646_3_5
5049_3_5,5484_2_1
6147_5_0,6410_0_6
4761_5_4,6335_0_0
4641_2_5,6071_4_2
4637_3_4,5890_2_2
6351_5_0,6763_4_3
4092_0_3,5035_2_3
5164_4_1,5429_3_1
6438_3_1,6612_5_1
5044_0_1,5497_0_2
4115_3_2,5043_4_3
5205_0_0,6015_2_1
4608_0_4,6217_1_3
5821_5_1,6282_1_3
6542_3_5,6613_3_4
4679_2_1,6155_4_3
4630_5_4,4977_0_5
4281_4_5,6905_1_1
5076_1_4,5839_3_0
4704_3_4,6206_3_2
5315_4_3,5868_3_0
4489_4_6,4613_4_5
4579_4_1,6191_4_1
4068_2_4,6721_5_3
5948_2_4,6083_5_4
4630_4_0,5120_2_0
4399_4_5,5727_3_6
4180_1_3,6461_0_4
4698_3_4,6062_0_3
5766_3_1,5950_2_1
4932_2_4,5795_2_4
4136_0_0,6396_2_2
4489_2_4,5172_1_1
4311_3_1,4937_1_3
5868_1_1,6909_4_5
5509_4_1,6482_1_2
4144_0_5,5961_0_0
4958_4_2,6779_3_2
5712_4_3,5789_2_5
4151_2_1,5554_5_3
4142_4_1,5790_3_5
4039_4_4,5742_1_5
4435_4_0,6589_5_0
4624_5_3,6765_3_0
4055_4_3,5202_2_3
5327_2_2,6716_0_2
6264_3_4,6396_1_5
4414_2_3,5680_2_2
4097_1_4,6824_2_2
5474_5_3,5542_5_5
4290_2_1,5064_3_4
4000_1_5,4410_5_1
5713_3_2,5773_5_1
4979_1_1,5995_1_2
4769_4_0,4883_3_4
5164_3_2,6482_1_2
4746_4_0,6482_1_2
5163_5_0,6128_5_2
4545_4_6,5122_5_4
6004_0_4,6058_4_1
5281_2_2,6480_2_0
5496_0_4,6891_3_4
4885_4_2,6501_3_0
5436_0_3,6525_4_4
4446_1_4,5751_3_4
6501_3_2,6695_0_3
4328_0_4,5795_3_5
5395_5_3,6440_2_6
6089_4_4,6386_1_1
4574_5_6,5953_4_2
5113_0_4,5673_0_3
4772_2_4,5857_0_5
5007_2_6,5517_0_4
4345_1_4,4777_0_5
5519_1_0,6107_4_5
5354_2_4,5641_1_2
5440_2_4,5839_4_4
5021_3_6,6140_2_3
4779_4_0,5138_0_3
4794_3_4,4991_2_2
5836_3_2,6041_4_3
5112_2_2,6344_3_1
5333_1_5,5351_4_5
5533_2_3,5984_4_5
4624_3_1,4867_4_4
4511_3_4,6876_4_4
5709_2_1,6705_4_1
4038_2_0,5061_0_1
5659_1_2,6423_5_2
5538_5_2,5564_0_4
4762_3_0,6699_1_3
4446_3_1,4796_0_0
4609_2_2,4774_2_1
6467_2_6,6480_0_3
5492_1_0,6429_2_0
4284_4_3,5067_2_0
4689_0_3,5488_3_0
4478_0_4,4763_0_6
4406_5_0,5055_1_3
4740_2_2,6129_1_1
4066_0_3,6392_3_0
5111_4_1,5907_0_2
5453_1_2,5481_0_2
5973_2_6,6939_0_0
4508_2_3,5819_1_0
4929_1_5,6291_3_1
4614_4_5,5223_0_5
4246_1_2,6954_2_4
6113_4_1,6410_4_5
4229_5_2,5605_3_1
5759_3_2,6960_1_6
5216_2_0,5834_0_5
5512_0_3,6537_4_2
4027_4_3,6979_2_2
4993_4_4,5315_3_0
4447_5_3,5434_2_4
4808_4_5,6518_3_3
4254_2_1,5448_3_0
4494_3_5,4800_2_2
4880_4_4,5341_0_1
4627_3_1,4702_0_0
6633_3_0,6683_4_1
6338_1_3,6407_1_3
5033_0_1,5698_3_1
6565_4_4,6775_4_6
4425_2_5,5369_2_2
5710_4_1,6170_2_4
4155_4_2,5703_3_3
4300_2_5,6128_1_2
6269_3_0,6689_0_2
4984_5_2,5271_5_2
5150_0_4,5183_2_3
4543_0_1,6519_2_3
6017_1_1,6297_3_1
5096_5_2,6090_0_5
4390_3_5,5567_0_0
5138_0_3,6612_4_4
4922_0_3,6931_4_6
4737_4_4,5652_2_2
5915_4_4,6417_1_2
4135_4_3,6972_1_5
4229_2_4,5814_1_0
6844_1_5,6923_3_3
4648_2_2,5303_4_2
5322_3_2,5951_1_3
4727_2_2,6637_2_3
4229_4_1,6959_4_3
4353_3_1,4836_0_1
6418_3_5,6883_1_5
5266_1_1,5992_2_2
4890_5_3,5190_0_0
5282_4_4,6428_3_5
5795_3_5,6935_0_3
4039_0_1,5344_2_2
4464_3_0,6611_4_0
4306_1_0,4307_0_4
4026_2_0,6392_4_6
4474_0_2,6745_3_5
4922_2_6,5365_4_4
5695_2_3,6646_5_3
6077_4_3,6300_4_0
6026_0_3,6126_1_0
4319_0_3,5318_4_6
4439_1_3,6031_1_5
4824_5_4,6060_0_0
5515_0_2,5563_3_2
4126_0_3,4890_3_3
4073_5_4,4710_5_2
5922_4_0,6822_1_6
4084_0_2,4463_0_1
4237_2_5,4648_0_0
5018_4_0,6178_4_2
5935_2_1,6714_0_4
5642_3_4,6087_2_0
4888_0_2,5322_2_0
6785_5_5,6904_3_3
4100_2_5,6685_4_3
5783_0_2,6046_0_0
4302_4_1,5474_1_2
4786_0_3,4792_1_4
4526_5_3,6811_1_0
4558_1_1,6952_0_4
4347_3_0,5995_4_2
5073_2_2,5198_0_4
5342_0_1,6657_0_3
4504_2_3,5852_1_4
5466_4_1,6254_4_4
4607_4_1,6889_1_4
4606_0_2,6487_0_2
4441_5_2,5208_3_4
5433_2_1,6712_3_4
6561_4_5,6840_4_3
4494_2_2,5897_2_2
4335_3_2,5987_0_4
5987_0_4,6708_4_3
6163_3_4,6691_3_2
6688_2_0,6740_3_0
4223_0_2,6589_3_0
5446_5_4,6416_3_3
5809_5_1,6416_3_3
5738_2_6,6907_5_0
4721_2_4,6999_1_0
6405_1_2,6642_1_0
4066_1_4,5307_1_3
4319_3_3,4372_3_2
4763_4_4,5009_3_0
4173_4_3,6736_4_2
4159_3_2,5319_5_3
5908_1_0,6549_1_4
5474_1_0,5528_1_3
4018_2_3,5059_4_1
4757_1_3,4953_1_3
6020_1_1,6304_0_2
5688_4_1,6747_2_2
6242_5_2,6377_1_1
4152_1_2,6377_1_1
5062_2_2,6231_3_4
4466_2_6,6331_2_3
6576_2_2,6719_3_1
5270_3_1,5296_1_2
4399_3_5,4779_4_4
5060_5_1,6309_2_3
5892_3_2,6425_0_3
4899_1_4,6590_0_4
5004_0_3,6728_4_1
4978_3_5,5015_2_0
4038_3_3,4289_1_1
5723_3_1,6395_5_0
5262_1_4,5392_1_2
4844_3_1,5700_1_2
5589_3_3,6009_5_4
6494_3_2,6870_4_1
4647_4_1,6876_3_5
4511_2_3,6019_4_1
4936_3_4,6350_5_2
4125_2_3,4330_2_0
4439_0_5,6714_3_5
4432_0_6,5207_1_2
4440_5_1,5989_0_0
4546_5_5,5445_0_2
4361_5_6,5410_1_4
5562_3_1,5874_4_4
5519_0_1,5658_2_3
4171_4_1,6244_5_4
4297_4_2,4313_0_4
4949_4_1,5231_2_4
4340_3_2,6256_0_0
4106_2_3,5200_3_5
4115_5_2,5404_0_4
4034_3_5,6704_2_3
4116_0_1,5796_4_2
5132_4_0,6636_0_3
4754_0_1,5304_1_5
5956_2_2,6214_1_1
4155_4_1,4496_0_0
5995_1_5,6480_0_3
6082_3_2,6480_0_3
6441_0_4,6490_0_4
4760_0_0,6935_4_0
6079_2_1,6674_5_3
4280_4_5,4893_1_0
5380_1_3,6411_4_2
4879_2_3,5643_4_1
4157_5_3,5465_3_3
4255_2_2,4363_4_3
4056_1_2,4129_2_4
4123_4_6,6026_3_5
5970_0_4,6440_1_3
5188_5_2,6214_3_2
5933_2_2,6013_5_2
4699_2_5,5503_1_5
5351_2_4,5824_3_5
4739_0_2,5140_4_1
4224_4_0,4755_1_3
4722_3_1,6434_5_5
4659_2_1,5718_5_5
6068_0_3,6183_0_2
4611_3_5,5224_3_3
4430_2_6,5615_2_4
4052_1_3,6202_4_0
6069_2_0,6773_1_0
4618_3_0,5236_2_1
4508_5_4,6897_0_0
4271_2_5,4732_1_0
6608_1_5,6932_3_4
5436_4_0,5663_3_3
4044_0_1,4141_3_1
5173_1_4,6644_0_4
4628_0_2,6225_4_5
4866_4_5,6439_2_0
5250_0_4,6284_1_3
4665_4_3,6954_4_6
6474_5_3,6559_5_5
4148_2_0,4762_5_1
5159_3_2,5314_1_0
5314_1_0,6178_2_5
4000_0_1,4892_4_4
5872_4_4,6036_4_3
4625_1_2,6754_5_1
4083_0_2,6359_5_2
5502_2_2,6234_3_4
5360_4_3,6742_4_0
5102_3_2,6733_4_4
4735_1_0,5982_3_4
4212_0_5,6057_4_1
4761_1_5,6154_0_1
6044_0_1,6515_1_2
5569_0_2,6636_3_2
5851_4_2,6991_4_1
5170_2_2,5282_0_2
5729_2_4,5779_4_3
5864_3_5,6508_1_4
6191_0_5,6508_1_4
6224_3_4,6508_1_4
5101_2_5,5900_3_4
4216_1_0,4406_0_2
5117_1_4,6954_4_6
5612_4_3,6554_3_1
4419_4_0,5600_4_4
5397_2_0,5600_4_4
4371_2_3,5006_3_3
4754_3_4,6421_4_3
5222_4_2,6811_0_5
4117_2_4,5356_1_5
5189_4_0,6706_2_3
4682_0_4,6542_3_4
5768_4_3,6582_2_1
4029_4_4,4836_3_0
4830_1_2,4940_1_3
4535_3_2,5904_0_3
4986_2_2,5603_2_0
5415_0_0,6377_1_2
4795_1_1,6844_1_4
5994_3_3,6505_1_1
4113_1_1,5700_1_2
4574_5_1,4815_5_3
4204_4_5,4348_3_1
5079_2_4,6018_3_3
4111_0_3,4432_1_2
4922_1_5,5117_4_4
5443_2_3,5767_2_1
4303_4_3,5797_2_4
5284_3_4,5590_0_5
4459_0_2,5594_4_4
4325_1_4,5424_1_5
5702_4_5,5785_1_0
4997_5_0,5285_2_5
4785_0_1,5581_0_6
4465_2_5,6612_4_0
4520_2_0,6344_1_0
4716_3_4,5518_3_2
4604_5_4,6281_3_4
5390_2_5,5907_0_4
5640_5_4,5915_3_4
4755_1_3,5874_0_2
5358_4_0,6786_3_6
4594_0_3,6240_1_6
5180_1_0,5187_1_1
5359_3_3,6370_0_2
4497_4_1,4581_1_3
6480_4_3,6848_4_2
5957_0_4,6077_3_5
4863_2_4,6294_2_0
6440_5_4,6511_0_4
5529_3_1,6747_4_6
4932_0_1,5632_5_2
6029_3_1,6457_2_3
4111_2_2,5186_1_5
4665_1_3,6167_2_1
5305_4_1,6528_2_6
4870_2_1,6349_4_4
4271_3_3,6155_4_5
4349_3_6,6672_3_2
5740_2_1,6632_4_1
4192_4_3,6178_1_6
4585_0_2,5072_3_2
5919_1_0,6917_2_1
5414_0_2,5446_3_2
4953_5_5,6539_0_0
6292_2_0,6482_1_2
4474_5_2,6012_0_0
5227_2_0,5797_3_2
4646_2_4,6727_3_3
5970_5_4,6463_2_4
5438_2_2,6973_0_6
4156_4_2,4271_1_1
4520_5_2,5759_2_3
5004_0_0,5395_4_4
5900_5_4,6918_3_2
4744_5_0,6654_0_4
5608_4_2,5894_3_2
4647_2_0,4904_1_5
4246_4_5,6492_2_0
4198_3_2,4528_5_5
4245_5_1,4962_0_2
5460_3_2,5929_1_3
4223_1_4,4915_2_5
4163_1_3,6188_2_3
4357_0_1,4997_2_5
4120_2_2,4591_2_3
5567_1_3,6860_3_0
4493_3_3,5808_4_5
5219_4_5,6488_2_0
4515_3_6,5266_4_5
4141_4_2,6300_2_5
5641_3_4,5836_0_4
4181_0_3,4808_3_0
4426_2_2,6833_1_3
5695_3_2,6757_3_1
5761_1_6,6796_2_4
5126_3_4,6761_4_1
6505_4_3,6674_5_3
5174_0_5,5337_4_1
4321_4_0,5636_5_4
4948_4_3,5426_0_4
5063_3_2,5307_0_5
4835_0_3,5960_5_5
4254_0_5,4508_4_1
4611_4_4,5165_2_1
4029_0_1,6060_4_3
4978_1_1,6228_1_2
4155_3_5,5817_5_0
5123_1_4,6805_2_2
5310_4_0,5936_1_1
5003_0_2,5365_3_4
5736_1_1,6318_0_4
5016_2_3,5413_0_0
4505_2_1,5493_1_3
4266_2_0,6587_0_4
4184_3_0,5068_3_2
4753_0_5,6389_0_2
4902_0_5,5287_2_3
6015_3_5,6156_3_4
4308_0_5,5522_2_0
5186_0_4,6774_1_4
5347_0_2,5891_0_2
4362_3_3,6000_3_1
4251_3_4,6171_1_6
5988_1_4,6473_0_0
4080_4_5,4861_3_1
5173_3_1,5450_1_6
5657_4_3,6375_0_1
4277_5_0,6770_4_3
5035_0_6,6996_5_1
4894_1_5,5513_2_2
4916_2_1,6100_3_0
4941_5_0,5562_2_0
4791_1_4,5342_2_0
4505_3_6,6585_1_2
4414_1_5,6704_0_1
4159_5_0,5903_0_0
5015_0_2,6714_3_4
4640_2_5,4962_2_4
5222_4_5,5715_2_6
6508_1_4,6605_4_1
4234_1_6,6569_0_3
4520_4_6,4972_0_2
5787_2_2,6635_0_3
4919_4_1,6596_4_5
6611_4_0,6935_0_3
6163_4_0,6178_0_5
4481_1_3,6460_5_3
6562_0_3,6884_2_1
5361_5_3,5834_0_1
6067_1_3,6906_1_0
4213_1_0,4874_4_2
4193_3_4,4861_2_2
5071_5_1,5327_1_4
5327_1_4,6605_4_0
5074_4_2,5727_1_5
5646_5_4,6829_4_3
4181_1_3,4912_0_4
5821_1_2,6880_1_3
4491_4_0,5666_3_0
4523_2_3,6558_0_1
5444_1_0,5532_4_2
5731_3_5,6539_0_4
6473_2_3,6488_3_2
4300_3_4,4943_4_2
4843_0_4,5453_3_4
6829_2_1,6893_0_5
6560_5_3,6956_2_6
6499_3_3,6868_3_2
4229_0_4,4338_0_2
5829_2_4,6572_3_1
4028_2_4,4119_4_0
6312_4_5,6586_0_1
5322_2_2,6192_2_3
5878_4_0,6437_4_3
4982_1_4,5379_2_1
4638_0_5,5083_1_2
5470_0_1,5479_2_2
4129_1_0,6916_1_4
4615_3_0,5244_5_5
4896_1_1,5815_0_5
4294_4_5,4691_2_2
5893_1_3,6032_3_2
4123_4_0,5262_5_3
6410_4_4,6508_5_3
5542_3_5,6874_4_1
6063_1_3,6101_3_4
5714_1_3,5805_5_1
4205_0_3,5395_5_1
5382_4_4,6181_0_6
4263_4_1,6095_1_0
5666_5_3,6356_1_2
5340_2_2,6062_2_1
4581_0_4,6629_3_1
4115_4_4,4325_2_3
4362_2_3,4949_4_2
5279_0_0,6509_2_3
5278_3_0,5608_1_0
5567_1_4,5795_0_3
4197_5_2,5889_2_3
4595_5_6,6325_1_0
4524_4_6,6163_2_0
4730_5_1,5003_5_2
6157_4_4,6753_5_3
4448_2_3,5612_0_3
4437_2_1,6181_3_2
4109_3_2,6272_2_0
4217_4_3,6181_3_2
4540_2_5,6590_3_6
5159_2_6,5192_1_1
6532_2_5,6815_2_0
6333_0_1,6935_0_3
6106_3_3,6935_0_3
5532_2_3,5694_2_4
6128_2_2,6468_4_2
5569_0_1,6723_1_0
5488_5_5,6639_1_6
5307_3_3,6632_2_0
4616_4_4,4949_2_0
6530_4_0,6628_2_4
6352_0_3,6517_1_0
4790_0_1,5864_4_1
5390_4_3,6480_0_3
6029_4_0,6122_3_0
4006_4_4,4604_1_3
4159_1_2,4726_5_2
4882_1_0,6687_4_0
6584_4_2,6654_4_5
5081_4_3,6325_4_1
4502_1_3,5985_3_2
5150_0_5,6365_4_4
4104_5_4,4575_1_5
6392_1_0,6407_4_3
4075_0_3,6276_4_2
4050_2_1,4732_3_0
4088_0_2,4404_1_3
6616_0_2,6688_1_5
4870_1_1,6295_1_6
5488_2_3,5535_0_4
5751_3_2,6127_0_5
4094_1_4,5965_1_0
6315_0_4,6905_2_0
6781_3_4,6916_3_4
4580_0_3,4960_1_6
4503_3_0,5397_0_1
4979_1_0,5031_4_4
5556_4_6,6386_3_4
4875_1_4,6458_1_3
5764_3_3,6231_1_4
5338_0_0,5676_4_3
4676_0_4,5619_0_2
4613_0_0,4726_0_3
4597_0_4,5675_0_1
5550_5_0,6203_2_4
4028_4_0,5055_2_1
5234_4_2,6888_1_2
6497_0_2,6626_0_5
4547_2_5,5636_3_3
5688_0_1,6766_2_5
5347_5_3,6561_4_2
4005_2_6,5001_0_3
5785_1_1,5998_0_4
4334_1_0,6736_4_1
5122_5_4,6428_0_0
4354_0_2,5099_0_5
5309_1_1,5872_4_2
4600_4_5,5228_3_0
5146_1_0,5544_0_4
4629_3_2,6807_4_0
4224_3_0,6873_4_4
5494_3_6,6648_4_6
5165_2_1,5338_0_5
6800_5_2,6925_0_1
6350_1_3,6842_2_6
4420_3_1,6650_3_4
4732_1_4,5103_0_5
5502_4_0,6845_5_0
4714_3_2,6775_4_2
4601_5_2,5913_2_1
4309_4_1,5238_0_3
6230_2_4,6561_0_2
5033_3_4,6932_3_4
5874_0_2,6978_2_0
4099_4_0,5520_3_3
5867_4_6,6708_4_3
4660_2_4,5073_5_1
4741_4_3,5061_4_0
4871_2_3,6344_2_3
6415_0_0,6610_4_2
5502_0_1,6494_2_0
4819_1_3,5963_0_2
4532_4_0,5035_4_5
4430_1_2,6359_2_4
6053_0_1,6834_5_2
5068_5_3,5910_4_4
4264_2_2,5439_4_6
6715_3_5,6980_5_0
4616_0_1,6418_4_6
6418_4_6,6922_4_3
4236_0_0,5632_4_0
4581_0_5,5393_5_2
4731_2_2,5308_1_0
4994_1_2,6544_4_4
4500_0_3,5189_2_2
5005_2_4,5092_5_3
6663_5_0,6992_0_0
4034_1_0,4526_1_4
5504_0_0,5860_2_0
5044_4_5,6289_1_3
5970_3_0,6412_2_4
5122_0_3,5434_0_1
6270_1_4,6452_2_1
4861_0_3,5760_1_2
4712_3_1,4811_2_0
5823_5_3,6215_1_3
5670_3_1,6115_5_5
4475_3_3,5810_1_4
5906_1_0,6617_3_3
4881_1_2,6639_4_3
4443_3_1,6300_2_5
6301_3_1,6533_4_1
6226_3_0,6674_5_3
4557_1_1,4687_0_3
4392_1_4,4399_2_2
4039_1_1,4799_4_0
4954_4_4,4958_4_1
5817_0_4,6009_2_2
4792_2_4,5129_3_0
4333_3_1,5615_2_6
6144_4_4,6270_2_2
4427_0_1,4609_3_4
5786_5_5,6154_0_1
4759_0_5,6616_4_6
6151_1_2,6214_3_4
5291_4_3,6540_0_1
4207_1_3,6055_0_4
4109_3_4,4310_2_6
5286_0_0,5527_3_3
4019_3_0,4975_2_4
5718_5_0,6821_5_5
4407_3_3,5675_3_4
4892_4_4,5951_2_2
5123_3_1,6880_3_6
4736_3_4,6532_3_3
4656_5_3,6807_3_3
4573_0_2,6969_1_1
4203_5_2,6956_3_2
4071_5_3,4589_3_2
5027_2_5,6143_0_1
4989_3_2,5042_5_3
6076_4_1,6324_1_1
5178_5_2,6447_5_0
4533_1_2,6093_1_2
5815_0_5,6584_4_2
4115_0_4,5051_3_2
4802_1_0,5462_1_1
4142_3_3,4538_0_3
4076_2_1,4446_0_4
5050_1_6,6266_5_2
4409_0_1,4544_0_2
4509_0_0,5433_0_0
5587_2_0,5741_4_3
5800_0_6,6716_4_4
4195_4_1,5748_3_6
4641_1_2,5006_0_2
5681_0_3,6959_0_0
6382_2_2,6387_1_4
5200_0_6,6268_0_0
4595_2_2,6829_3_2
4250_3_2,6169_1_5
4006_1_1,4981_2_1
4116_1_0,6891_4_3
4735_0_1,6720_4_0
4729_0_4,5990_3_5
5802_3_1,6054_2_5
5477_1_4,6207_2_0
4796_2_5,5887_3_2
4749_4_4,6384_1_4
6028_5_0,6265_2_1
4005_4_5,4707_0_0
4439_0_4,4902_5_1
6232_5_3,6852_1_1
4171_2_2,6841_4_6
4003_1_5,6410_5_1
4236_2_3,5771_3_3
4206_0_4,6987_4_3
5973_4_4,6987_4_3
5751_3_3,6406_4_4
5176_1_3,6958_2_1
5455_4_0,6212_4_0
5073_0_3,5332_0_1
6322_2_5,6961_3_0
4717_4_0,5283_2_4
4083_4_1,4570_0_1
4095_4_4,5879_4_1
4044_3_0,5240_0_2
5962_3_3,6107_5_3
4186_0_6,5578_2_2
6307_5_1,6637_0_4
4227_0_2,5930_2_1
6520_2_2,6717_1_6
4264_1_4,4710_4_0
5554_3_3,5642_0_4
4431_0_5,4694_3_0
5175_1_0,6077_0_2
4048_0_1,4792_1_2
4404_0_2,5915_2_4
4509_1_1,5039_3_1
4234_5_1,4449_5_6
5536_4_1,5777_4_1
6246_1_4,6266_2_2
4893_2_4,6188_2_4
4879_4_2,5405_4_3
5124_3_4,5405_4_3
4462_1_1,5951_2_2
4152_1_0,5064_0_6
6572_4_1,6761_0_2
4264_2_4,4388_3_5
4597_1_1,4631_2_1
4339_3_3,6196_2_0
4183_2_3,6740_2_2
5119_3_1,5813_4_3
4736_4_6,4856_2_1
5426_0_0,6611_3_6
4844_4_4,4931_2_0
5208_2_4,6146_1_2
4264_5_1,6266_2_2
4123_4_5,4415_1_2
4890_2_1,4975_3_0
4820_1_3,6607_2_2
5655_0_6,5656_3_3
4146_3_4,6163_2_6
5905_1_6,6989_5_5
4537_1_0,6136_2_4
4236_2_4,4895_2_4
4282_5_4,6294_3_2
6238_1_0,6395_5_3
6772_5_0,6842_0_2
6480_0_3,6935_0_3
5550_3_1,5686_3_4
4051_1_4,6090_1_5
4928_5_1,6976_5_3
4636_1_6,6437_3_1
4981_4_3,6795_3_3
4091_1_4,5573_2_2
6388_4_3,6511_2_5
6717_1_1,6725_2_2
5414_1_1,6090_4_3
4416_5_1,6253_1_2
6049_4_6,6664_1_0
4081_0_2,5217_2_4
6624_1_1,6733_0_2
5222_4_3,5770_2_3
4978_0_3,5015_1_0
5409_5_4,6127_3_3
4663_3_3,5617_3_2
4983_5_3,5608_4_3
4123_1_0,5238_2_2
6508_3_0,6804_0_0
4023_1_2,5748_3_6
4946_2_4,5228_3_2
5632_5_4,6783_2_0
4218_2_5,6403_0_5
4465_3_0,4927_3_3
4265_4_0,6905_1_6
4947_0_0,6821_5_4
4710_5_3,5847_5_4
4166_0_0,5760_0_4
5040_3_1,6603_5_4
5605_5_4,6303_4_0
4605_1_2,6520_1_1
5033_2_4,5865_0_3
5398_0_0,6954_4_6
5498_4_3,5589_3_5
6051_1_6,6247_3_5
4089_1_2,6301_2_1
5222_5_1,5439_0_2
4510_1_6,5181_4_1
5466_0_0,6778_4_0
6014_0_2,6954_4_6
4729_2_4,5357_0_3
5805_2_4,6469_4_4
5663_5_3,6644_0_3
4420_2_0,6392_4_1
4128_4_2,4755_4_0
5654_0_3,6856_1_2
5122_0_1,6154_4_5
5036_0_3,6738_1_3
4613_5_0,6947_1_1
4527_2_4,4947_0_5
6231_0_3,6732_4_2
5196_0_1,6438_0_4
6048_0_4,6189_5_3
4845_4_2,5821_3_5
4408_5_0,4667_0_3
4913_1_0,5033_2_6
4188_1_0,5726_4_1
6395_4_1,6403_2_4
4575_4_4,5840_4_1
4278_3_5,4719_3_4
4414_4_2,4645_4_2
4333_2_4,5750_2_4
4164_0_3,5397_1_5
4743_2_0,6018_2_3
5449_0_1,5477_4_1
4853_0_0,6310_5_1
4467_1_6,6610_4_4
4478_0_3,6342_0_6
4612_2_1,5508_2_2
4835_4_2,4978_0_2
5260_3_0,6824_2_4
5754_3_4,5979_1_1
4064_2_4,4513_2_5
5660_2_3,6659_3_5
4562_4_0,5750_1_4
5597_4_1,6728_2_6
4640_2_3,4984_1_2
4448_0_4,5512_4_3
4365_4_6,5890_4_4
4947_2_4,5520_4_3
4667_3_0,5541_3_4
4846_0_2,5333_4_3
5235_2_2,5894_0_0
5314_1_4,6014_1_1
4158_4_1,4888_0_3
6144_2_4,6381_4_2
6003_3_1,6207_2_1
4997_0_5,6418_4_4
5676_4_6,6067_2_4
5783_1_1,6774_4_0
5065_2_1,6649_2_5
4996_4_0,6962_3_5
5729_2_1,6749_0_4
6180_2_3,6189_4_2
6103_1_0,6445_0_2
6619_0_4,6923_0_3
5504_1_4,6486_3_2
6639_3_6,6783_1_1
4480_3_4,6477_5_2
4450_0_3,4984_5_3
4814_4_3,5899_4_1
5012_1_3,6672_2_2
4918_0_4,5261_0_2
4106_2_2,5858_1_3
5332_1_4,6411_4_0
5319_4_4,5672_3_2
4139_0_3,5523_3_2
5554_2_4,6243_1_1
5929_2_2,6638_3_3
6546_3_3,6701_5_2
4556_4_4,5095_3_0
4757_0_0,5608_2_6
4321_5_6,4945_2_5
4112_2_2,4123_2_0
5784_2_2,6104_0_6
6713_5_5,6889_5_3
4255_4_3,5983_5_4
4974_5_3,5448_4_0
4482_1_0,6125_3_1
5722_0_0,6431_0_2
6047_5_0,6452_1_5
4333_3_3,5915_2_0
4186_0_5,5111_1_1
5043_4_1,6452_2_1
5490_1_2,5872_0_4
4959_4_4,5321_3_5
5134_0_2,6062_4_3
4398_5_2,5402_2_3
5530_0_3,6099_2_4
5138_1_2,5481_2_4
4390_3_2,5356_2_4
5799_2_4,6610_3_4
5016_2_0,5835_2_0
4339_5_5,5530_2_5
5075_1_2,6557_2_2
4409_3_2,4440_3_3
5579_2_1,5998_1_1
4316_4_5,5640_0_4
4946_1_1,5485_1_0
5658_4_3,6745_0_2
6745_0_2,6786_2_1
5178_0_6,6562_3_2
5917_0_0,6746_4_5
5407_5_4,6971_3_0
6244_0_2,6356_0_4
6392_3_0,6452_2_1
5136_2_3,5663_2_1
6349_0_2,6831_2_1
4353_0_0,4602_1_6
4581_1_2,6448_4_4
5864_2_4,5985_3_3
4594_4_0,5880_0_5
4797_2_0,5798_1_0
4005_0_2,5028_0_3
4337_3_2,5805_4_2
4735_2_2,6003_0_4
4439_5_3,6051_0_1
6300_1_3,6714_0_4
4355_1_2,5791_1_3
5999_1_4,6449_2_4
4429_4_1,4875_4_3
4875_4_3,6399_1_6
4341_0_1,5142_1_2
4532_1_6,4953_0_2
4214_3_3,6795_3_1
5748_3_6,6344_2_3
5820_2_2,6566_1_5
5489_2_0,6645_2_2
5925_0_3,6512_2_2
6145_3_4,6244_3_2
5051_5_1,5566_0_3
4918_2_1,5547_3_0
4457_4_3,5080_4_1
5658_4_1,6095_2_6
4120_2_1,6357_2_2
4318_4_2,6620_1_2
6175_3_0,6987_2_5
4145_2_2,5866_0_3
4604_3_1,6979_4_1
5635_1_0,5750_1_2
5198_4_0,6433_0_5
4280_2_3,5135_4_6
5593_3_0,6988_4_1
4309_0_0,5638_4_3
6356_1_2,6872_4_1
4901_4_3,5939_1_3
5238_0_3,5389_0_3
6051_3_0,6900_5_3
5611_2_0,6489_1_1
4850_3_1,5754_0_2
4311_5_6,4504_3_6
4441_1_0,5112_2_1
4579_0_2,6938_0_5
5713_4_3,6365_1_2
4005_2_3,6862_0_0
4707_0_0,6471_4_4
5380_5_3,6502_0_4
4579_1_0,6572_4_5
4394_3_4,6537_5_5
4363_4_1,6954_4_6
6207_2_5,6791_1_1
6840_1_0,6863_5_2
5553_3_5,6591_4_2
6031_2_5,6080_2_3
5184_3_1,5711_3_5
4735_2_4,6255_2_3
6215_4_1,6945_1_0
6245_4_0,6270_2_2
6644_4_2,6995_2_2
4248_0_2,4389_1_5
6551_2_2,6821_2_1
4349_5_0,6595_5_2
4809_0_0,5211_1_4
6340_0_2,6954_1_1
5020_4_3,5191_3_1
4228_3_3,5265_2_0
4755_0_5,5893_1_1
5578_2_6,6199_1_6
4589_2_4,5557_4_5
5207_1_2,6067_2_4
5131_1_0,5169_2_0
5588_0_4,6207_2_1
4015_4_6,6195_4_4
5641_0_3,6763_2_3
4026_5_4,4613_3_2
4978_1_5,6506_1_2
5417_1_2,6948_3_5
4359_2_4,6113_1_1
6030_5_5,6032_1_0
4339_4_0,5367_3_0
4482_1_2,4943_1_4
4876_4_1,5839_5_5
4525_3_2,5093_4_4
5093_4_4,5781_2_4
5031_2_6,5316_3_1
6815_2_2,6932_5_2
5539_1_4,6608_3_2
4083_4_4,6808_1_2
5536_2_0,6243_1_1
4109_4_4,5569_1_3
6136_5_4,6853_4_2
5307_3_1,5423_1_0
4261_3_4,6951_1_6
5778_3_2,6769_1_4
4395_5_0,4874_1_0
4373_3_6,5532_5_0
4322_5_4,5234_4_3
4642_3_4,4683_4_0
5813_0_4,6118_2_0
5563_4_1,6224_3_0
6377_2_4,6438_1_5
5734_1_5,6782_4_4
5007_0_2,6119_2_3
4168_0_6,6715_1_4
4127_4_4,5179_3_0
6134_3_3,6208_3_0
6168_4_2,6816_2_4
5965_1_0,6118_0_6
5177_4_6,6438_1_3
5016_4_5,6740_1_3
4953_0_0,5240_0_2
4516_3_5,6403_3_0
5538_1_1,6758_2_2
4676_2_5,5911_2_4
6085_1_6,6308_3_5
6393_0_1,6877_0_3
5703_1_2,6928_4_3
4115_1_1,6360_0_0
5325_0_5,6078_0_3
5262_3_4,6684_1_5
5717_5_5,5894_1_1
6674_5_3,6750_0_6
4403_3_1,5308_4_1
5269_4_6,6418_4_4
4420_4_1,4843_2_3
5152_1_0,5631_3_5
6353_4_0,6511_2_5
4098_0_5,5101_1_2
4563_0_0,6879_2_2
4996_2_4,6384_4_0
5435_4_4,6780_0_3
5094_0_0,6188_0_0
4553_4_1,5145_1_2
4643_4_2,6852_2_3
4947_2_3,6244_0_1
4206_5_4,4857_3_3
4499_0_0,5548_0_0
4377_4_2,6411_0_3
5489_0_0,6122_2_6
5815_3_3,6020_2_2
5968_2_3,6700_4_2
4700_4_2,5909_5_1
4091_0_3,6947_5_1
4633_3_3,5125_2_1
6396_2_1,6473_2_5
5163_3_4,5442_3_5
4437_4_2,4479_3_5
5742_1_6,6668_3_1
5750_0_4,6321_1_4
4164_1_3,5770_3_0
4253_0_2,6478_3_3
5750_0_3,6371_3_0
6056_1_2,6566_1_5
4626_4_0,5218_3_6
4343_3_3,5807_0_2
5252_4_0,6048_4_4
6300_2_5,6954_4_6
5704_3_1,5891_1_3
4072_3_2,4398_0_4
5387_0_0,6358_2_2
6085_0_3,6118_4_0
4117_2_0,4564_4_6
5770_0_2,5910_4_4
4094_4_3,4996_1_2
4943_0_4,6090_2_5
5700_1_0,6612_4_4
4272_3_1,5489_4_3
4151_2_2,6427_0_3
5101_3_2,5350_5_4
5787_2_0,6475_3_2
5969_3_3,6564_3_0
5312_3_3,5499_4_3
5836_0_0,6026_0_0
4489_4_2,6735_1_2
4761_3_0,6098_4_2
5811_4_2,6281_1_0
6846_0_6,6958_4_4
4710_5_1,5168_4_6
5830_4_6,6296_4_0
5070_4_1,6937_1_4
4149_1_0,5283_1_2
6680_2_6,6718_4_2
5198_3_5,6259_3_5
4549_4_5,4643_3_4
4643_3_4,4670_2_0
5470_1_1,5782_2_5
5754_0_0,6541_4_6
5669_2_3,6347_4_1
4777_2_3,5677_0_0
5622_2_1,6773_0_0
5005_1_4,6739_0_0
5457_0_4,6178_3_4
4456_4_5,6358_2_2
4555_1_2,5234_0_2
4876_2_3,6517_3_2
4578_5_0,5201_3_4
5240_0_2,6947_5_1
4918_1_4,6619_4_0
6188_0_2,6329_4_2
6625_0_4,6820_5_2
6129_3_3,6254_4_4
4513_4_3,6374_0_1
4643_2_2,5977_5_6
5771_1_5,6537_5_5
4068_2_2,5010_1_0
4501_4_4,6655_1_0
5178_5_4,6426_0_0
5313_4_2,6927_3_0
5039_5_0,6927_3_0
4937_0_3,6649_1_3
5306_1_2,6905_4_3
5172_2_0,6425_0_1
6489_2_0,6821_2_1
6293_4_5,6428_1_5
5550_2_2,6424_1_4
4687_2_6,5401_2_1
5153_1_3,6994_0_4
4348_1_4,5496_4_5
5610_0_1,6596_1_0
5046_0_2,5664_0_4
4155_5_0,6309_0_3
6655_4_6,6743_3_4
4158_4_4,6114_2_0
4822_1_4,5713_4_6
4435_2_3,6805_1_2
6008_3_1,6811_2_5
5092_0_1,5957_0_3
4197_0_2,4878_3_1
5094_2_3,6772_3_1
5863_5_2,6798_0_4
6139_3_6,6664_2_2
4826_2_4,5325_4_0
4104_4_0,4442_0_4
4800_1_2,5296_4_2
5075_4_1,6950_0_1
5047_2_4,5461_5_3
4179_2_0,4616_0_3
4731_3_1,6591_2_3
5286_0_1,6629_1_0
5380_4_3,6021_5_0
4276_5_3,4730_2_0
5589_1_6,6541_1_5
4683_2_1,5440_5_0
5172_2_1,6253_1_4
6236_2_4,6530_5_3
5820_0_5,6851_1_6
4123_1_1,6156_4_1
4687_4_5,5431_4_3
5203_0_3,5395_3_2
4738_4_4,5045_1_4
4325_3_1,5231_0_0
6183_4_2,6279_3_5
6056_3_4,6770_2_1
4090_0_6,5373_1_2
4269_1_0,4838_3_2
4119_1_4,6638_2_1
4296_4_5,6246_4_2
4356_3_3,6541_1_5
4515_0_4,5563_0_2
5471_2_3,5706_1_4
4544_5_4,6569_1_1
5759_2_0,6745_1_5
5662_4_1,6602_1_0
4715_4_2,6235_3_5
5003_3_4,5778_1_1
4628_0_5,5347_4_6
4221_4_2,5166_0_0
4899_1_1,5512_2_3
6879_5_6,6895_4_0
6438_2_5,6703_2_3
4936_3_3,5745_4_6
4873_0_2,5444_3_2
6190_1_3,6579_2_4
4293_3_4,4580_4_0
4879_0_3,6509_2_0
5431_3_5,6001_1_1
4038_5_4,4217_0_5
6296_0_3,6932_3_2
4794_4_3,5340_1_3
5579_3_1,6084_4_4
5189_2_1,5944_4_3
5531_4_4,5769_1_0
6036_4_3,6137_3_3
4316_2_2,5296_2_4
4792_1_3,6682_1_1
5032_2_1,5483_2_1
4577_4_0,4655_3_6
4588_1_0,4978_0_1
5030_0_2,6263_1_0
4275_1_4,6909_1_5
4540_5_5,5079_0_1
4699_0_3,6840_5_4
4974_0_4,5442_4_2
4873_0_3,6238_3_1
4048_0_0,5270_1_0
4450_3_2,4976_3_5
4683_1_5,6206_5_4
4175_2_4,6622_2_4
4865_0_2,6085_2_1
5322_0_3,6637_0_1
4223_0_6,5822_4_2
5659_0_2,6631_1_5
4118_2_2,6344_2_3
4240_3_1,6815_1_1
4399_0_0,5487_1_0
6141_4_1,6202_4_3
5392_4_1,6314_4_3
4156_5_6,5843_4_2
5112_3_6,6101_1_4
6114_4_3,6774_0_3
4864_2_2,5581_0_6
6113_4_6,6620_0_5
5944_1_6,5960_3_4
4269_0_2,6891_3_3
4654_3_1,5710_2_5
4953_2_2,5020_0_2
6572_3_1,6818_3_4
4358_3_0,4570_3_4
4055_0_3,5035_2_0
5595_2_1,5642_3_0
4393_1_5,5271_1_5
5921_0_0,6738_0_5
4885_3_3,6761_5_0
4887_2_0,6737_0_4
4309_1_0,4469_4_2
4760_1_5,5602_1_2
4351_5_3,5481_3_5
4581_5_5,5936_3_4
4674_1_2,4780_4_6
6513_3_2,6763_1_1
6018_4_5,6370_4_0
6095_2_6,6513_4_5
5565_1_0,5961_2_0
6301_1_1,6608_2_2
6623_2_3,6726_4_1
6508_5_3,6905_1_6
6845_4_1,6869_3_5
4910_0_5,6390_2_2
5365_4_2,5536_4_5
5018_2_3,5744_0_3
5831_4_3,6670_0_0
4177_0_4,6710_4_3
4812_0_5,6590_2_6
4255_4_5,5535_2_4
4100_2_4,6512_4_4
5952_2_2,6648_4_6
4096_0_1,4674_4_0
6037_1_5,6195_2_5
4304_3_2,4698_3_1
4578_0_0,5929_2_1
4293_5_2,4947_3_1
4299_1_6,5143_3_5
6221_3_1,6615_4_2
6285_3_6,6646_3_4
4211_1_1,6114_0_5
4589_2_0,6079_2_4
4739_2_1,5640_1_4
4172_3_5,4581_3_3
4249_2_0,6887_3_0
5140_4_4,5467_0_4
5698_3_0,6154_4_4
6165_1_1,6489_3_4
6299_0_4,6788_2_0
4517_4_0,6834_0_5
4397_2_0,4567_0_3
4867_1_3,4961_1_3
4122_5_0,6205_0_4
4858_1_5,6084_3_0
4906_4_5,4952_3_0
5973_3_3,6024_2_4
4344_2_2,6971_1_3
4139_1_4,5742_4_3
6163_2_0,6954_4_6
4033_1_3,5194_1_2
5366_1_4,6898_4_0
5710_3_1,5993_1_4
5222_3_2,6036_1_5
4170_4_0,5925_4_3
4710_1_0,6811_2_2
4398_2_1,6848_4_4
4587_2_4,6889_0_3
5624_5_2,6088_1_5
6099_3_3,6121_2_4
5822_5_2,6533_5_0
6604_1_4,6627_0_4
5344_1_3,6906_2_0
5487_3_1,6931_4_6
4773_3_3,6630_5_6
4009_1_0,5432_4_2
4222_0_3,5661_1_2
6124_3_1,6545_0_4
4389_5_0,4828_3_0
4358_4_0,5877_4_6
4358_0_3,4569_2_1
4328_2_3,5376_1_4
6011_1_5,6967_3_3
4029_2_0,4777_4_0
6017_2_5,6380_1_2
5498_5_4,6367_4_1
4164_4_1,4622_2_3
6348_2_6,6612_4_4
5391_4_5,6433_0_5
4033_2_1,5879_4_3
4298_1_4,6251_2_4
4974_3_1,6455_3_4
5667_2_3,5742_4_3
4998_1_5,5224_2_5
5111_3_1,6650_2_1
4555_4_3,5616_5_0
4034_2_1,4220_3_1
6905_1_6,6983_4_0
4144_1_5,5345_0_1
4665_2_0,4851_3_5
4391_3_6,4599_2_2
4390_3_4,6969_0_1
4479_3_5,6288_3_2
4709_4_0,6704_0_1
4477_4_5,6061_4_0
6163_4_1,6443_0_5
4363_4_5,6199_0_0
5541_0_1,6177_2_3
6386_0_4,6790_4_5
4489_0_0,6110_4_0
4563_3_2,6675_4_3
4393_4_1,5020_1_6
6203_5_2,6259_4_4
4511_3_5,6879_5_5
4939_0_1,6631_0_0
4192_0_6,5844_2_5
4782_0_4,6492_1_4
4036_1_0,5940_4_5
5703_2_5,6680_0_4
4366_0_4,5894_0_1
5285_3_1,6747_4_3
6046_2_6,6747_4_3
6921_2_2,6964_4_0
4538_0_1,4958_1_4
4046_5_4,5776_1_5
4003_2_4,5520_2_2
4247_5_2,6181_3_2
6759_3_2,6898_2_0
4611_1_0,5170_4_4
5259_2_1,5470_0_1
5487_0_3,6367_5_1
5536_3_4,6416_3_0
4551_1_0,6318_2_1
6108_2_3,6667_5_0
4858_5_4,5078_3_6
6574_2_3,6781_5_2
5369_4_1,6906_4_4
5532_5_0,5941_4_2
5789_1_6,6961_3_1
4132_4_5,4654_5_3
6357_2_2,6509_2_0
5372_5_1,6313_1_3
4606_0_0,4974_0_1
5620_4_4,6686_1_4
5989_1_4,6244_5_4
5016_2_2,5115_2_4
4044_3_4,4747_3_3
4461_0_4,5376_4_2
6883_1_5,6995_4_1
4346_4_4,6352_0_0
6063_1_4,6977_0_1
4426_3_4,5637_3_1
5282_3_4,6708_4_3
4069_4_3,6482_0_0
4936_3_0,5131_4_3
4013_5_6,4093_4_3
5834_0_5,6567_3_1
4262_3_6,6084_3_0
5115_3_4,5170_4_0
5885_1_4,5941_0_4
4601_2_2,6481_5_0
5002_2_1,5306_0_3
4155_2_5,5210_0_3
4186_3_1,5759_2_3
6191_4_3,6388_2_3
4264_2_1,6165_2_1
4074_3_4,6920_0_0
5493_2_1,6519_0_1
4472_3_3,6009_4_0
4644_4_4,5236_1_4
5361_1_4,6356_2_1
5523_4_6,6592_4_0
4292_0_5,5727_5_5
4227_2_5,5699_3_1
4568_1_1,5982_0_1
4256_2_3,6618_0_0
4504_1_3,5959_2_4
5286_0_4,6897_2_1
5713_2_4,5749_1_1
6063_0_4,6388_0_2
4714_0_0,4863_1_3
4540_1_5,4620_0_6
4526_5_0,4772_0_6
4030_4_6,4509_4_2
4251_0_3,5662_3_3
5854_2_6,6765_3_0
5930_4_1,6009_3_3
6865_1_1,6970_2_4
5510_4_3,5589_5_4
6030_0_3,6995_0_4
5134_4_1,6507_3_4
5204_2_5,6985_2_3
5454_3_1,6866_4_2
4870_2_6,6477_2_0
5872_3_4,6920_1_2
5607_0_5,5936_3_4
4040_1_5,5213_2_3
4653_0_1,6277_1_3
4159_5_4,4221_0_3
5136_5_0,6644_3_6
4566_0_2,5846_4_2
5036_5_4,6116_4_6
5996_1_3,6121_5_1
6247_3_5,6954_4_6
4437_2_0,5467_1_0
6182_4_0,6537_4_1
5315_3_1,6520_2_4
5210_4_4,6706_3_1
5644_5_2,5671_0_5
4214_1_1,5039_2_4
5659_5_2,6455_3_0
4936_0_5,6957_5_6
5375_2_1,6478_1_4
6563_2_0,6678_4_4
4045_5_1,5032_0_3
5541_3_4,5838_4_1
4899_2_1,6972_4_3
4641_4_6,6638_4_1
4028_5_1,4478_1_6
5100_0_2,5462_2_1
5039_3_1,5974_0_0
5505_2_4,5949_0_6
5748_3_4,6637_4_3
5996_1_0,6289_0_4
5917_0_1,6627_4_3
5113_3_3,6453_4_4
4974_4_3,5980_5_2
5553_3_4,5785_3_2
4692_2_1,4774_3_4
4236_3_3,4450_4_2
4710_4_0,5892_3_5
4181_2_4,6121_1_2
4445_4_0,4925_2_0
5034_2_0,5742_3_3
4496_2_3,6278_0_6
4523_4_1,5686_1_1
5231_2_0,5599_1_1
4153_3_3,5225_3_5
6250_3_2,6615_2_2
5307_2_1,6673_3_1
6150_3_5,6406_3_0
5336_4_4,6530_3_2
5113_5_3,6133_5_1
4255_1_0,6838_3_3
4112_3_1,4684_4_6
5419_4_3,5842_1_2
4413_3_0,5550_0_0
5421_4_1,6898_4_1
4416_4_1,5775_2_3
6104_3_1,6497_3_1
4050_3_5,6719_2_2
4997_2_1,6615_4_1
4285_1_2,5692_5_4
4921_0_5,4962_1_5
5123_2_3,6828_2_0
5334_4_3,6245_0_5
5946_2_2,6956_0_2
5682_2_2,6350_5_2
5027_2_3,5922_1_2
4100_0_2,4817_3_1
4904_4_3,5731_0_3
6181_3_2,6880_3_6
4291_1_4,4840_1_2
6085_3_4,6535_3_3
4493_1_2,6567_2_4
4238_1_0,4513_2_1
5017_1_3,6367_5_1
5370_3_5,5815_0_2
6203_0_6,6620_1_2
5905_4_4,6138_3_3
6695_3_6,6766_0_3
5474_0_3,6388_4_1
5201_2_0,5753_2_3
4031_2_1,4462_1_3
4682_3_6,4745_2_5
5978_4_2,6305_4_1
4233_1_2,6357_2_4
4265_2_1,6491_4_5
5490_5_1,5908_0_0
5363_2_0,6219_4_4
4723_0_1,6651_3_5
5714_2_0,6471_4_4
6147_2_1,6677_0_4
4654_2_3,5379_4_4
6160_2_3,6455_3_0
6170_4_0,6830_3_3
5355_1_3,6920_2_0
5459_0_4,6114_3_3
4320_4_3,6564_3_0
5686_2_5,6513_4_5
6078_0_2,6083_2_1
4428_0_3,5960_4_0
6344_2_3,6567_2_4
4694_4_1,5888_4_3
4022_4_1,5122_2_0
5073_0_4,6849_2_5
5659_1_5,5847_0_3
6199_0_1,6631_0_0
5776_4_2,6378_1_5
4452_4_2,5733_2_0
5330_2_2,6185_3_3
4085_1_1,6115_0_0
4423_3_1,5203_2_6
5422_5_0,6485_2_0
5693_3_2,6559_2_3
4159_2_0,4820_4_3
6690_1_4,6997_5_4
4760_4_3,6727_2_1
6121_1_2,6395_0_0
5798_1_0,6961_3_0
6509_2_0,6513_4_5
4290_4_4,4768_0_3
4191_0_3,5194_4_4
4782_3_2,5962_1_1
5744_2_0,6040_0_4
4535_4_4,5689_0_1
4346_4_6,5747_5_4
5254_0_1,6435_1_4
4246_5_1,5342_2_5
4029_5_4,6978_2_0
5290_5_2,5991_1_2
4837_2_1,6160_3_5
6132_4_4,6294_4_3
5338_0_5,5807_0_2
5162_0_4,6753_1_2
4022_5_6,6870_1_2
4979_2_5,6013_0_5
5638_3_1,6807_0_0
5239_0_3,5295_3_4
4112_2_5,4123_2_3
4030_0_4,6825_2_2
5884_2_1,6391_4_5
6352_0_0,6935_2_5
5022_4_1,6181_2_5
5700_1_2,6786_3_0
5828_4_6,6786_3_0
5265_5_3,5343_0_2
5347_5_4,5787_3_3
4719_2_0,5787_3_3
5567_5_3,6603_5_4
4053_4_3,5653_2_5
4121_0_4,4223_5_3
5666_1_3,6565_4_1
5743_2_1,6977_4_1
4233_0_2,5168_4_1
4477_3_4,4907_3_3
4662_3_3,6832_0_2
4621_1_1,6364_3_5
4505_4_5,5027_0_2
4814_4_2,6624_4_6
4365_0_1,5941_3_3
5238_1_2,6672_5_4
4223_4_5,5698_2_2
4369_2_1,6434_5_3
4710_3_2,6434_5_3
5222_5_3,5472_0_3
5248_2_1,5581_4_0
4246_2_2,5320_2_4
4964_3_3,5244_5_3
5360_4_1,5608_2_5
4804_0_5,6040_4_2
4890_3_0,5657_5_6
4069_4_2,4534_3_0
4554_3_2,4692_2_4
4107_2_0,4266_0_6
4125_2_1,6708_4_3
4063_2_1,4934_1_1
6254_4_4,6418_3_1
5892_3_5,6116_3_6
4847_1_4,6748_2_5
4826_1_1,5246_2_6
5661_0_4,5688_2_4
5054_1_3,5480_3_2
4527_2_5,5305_5_0
4605_3_3,6848_0_4
4545_1_4,5989_3_6
5498_4_4,6112_0_4
4518_3_5,5297_3_5
4640_2_4,6890_4_1
5340_3_2,6675_1_5
4091_0_1,5751_0_2
4616_2_3,4709_0_6
4819_1_2,5118_2_2
5847_1_0,6669_2_2
4349_0_6,6053_5_0
4404_1_3,5901_5_2
5115_0_2,6263_2_3
4547_1_2,6036_2_0
5817_1_6,6254_0_1
4664_2_1,4967_1_3
4474_4_2,6490_3_2
6022_3_5,6716_1_1
6429_4_3,6530_5_4
4810_3_3,5406_5_3
5430_1_1,6315_3_0
4195_5_1,6547_4_3
4337_5_0,5192_4_1
6592_4_4,6601_5_3
4609_4_4,6781_3_2
6302_1_3,6409_3_2
4304_4_3,6928_4_3
5325_4_1,6352_3_5
4367_0_4,4513_1_5
4234_3_5,4844_1_4
4793_4_0,6891_2_1
4950_1_3,6369_2_1
4821_0_3,5934_1_3
4293_2_3,6296_2_2
4983_5_1,6704_1_0
4719_2_2,5274_5_6
4239_4_5,6345_3_0
4750_0_3,6499_0_0
4713_3_3,4780_4_2
5506_4_4,6736_3_2
5510_2_6,6159_0_4
4977_0_3,5778_0_2
6387_1_4,6894_0_4
4833_4_4,6749_1_2
4525_1_0,4575_2_1
4911_3_1,5271_5_3
5149_1_5,6332_0_2
5676_5_4,6460_5_4
4519_4_3,5988_2_5
4877_4_5,5349_1_1
4970_0_3,5314_3_4
4229_0_5,6487_0_1
5289_4_2,6540_3_4
4275_1_2,6382_3_6
4536_3_4,6388_0_2
4189_1_3,4975_2_0
5742_1_0,6436_3_4
6508_3_6,6896_1_0
4017_3_0,4641_0_1
4925_0_5,6554_1_3
5117_4_4,5133_0_0
6279_0_4,6571_0_2
5905_3_0,6191_0_5
4060_4_0,5227_4_0
4613_1_2,5394_0_2
4739_3_0,4824_3_0
4843_3_3,6627_1_1
5389_0_3,6467_0_3
5429_0_2,6434_4_2
5867_0_4,6321_1_1
4720_2_3,6999_2_2
4134_0_0,6638_0_4
5706_4_0,5988_1_2
5536_4_2,5994_4_3
5695_4_3,5984_0_1
4082_1_4,4187_1_0
4521_1_5,6582_2_3
5941_3_4,6192_0_4
6455_3_0,6953_1_6
5915_2_4,6638_4_3
5953_3_0,6758_1_3
4581_3_4,6854_3_3
4419_4_2,4457_0_0
6490_2_0,6663_4_0
4489_1_0,5399_0_4
5622_1_0,5704_5_2
4523_0_0,5888_4_3
6757_0_1,6854_4_5
4169_2_2,4529_1_1
4209_2_1,5489_4_2
5326_4_1,6475_3_2
6316_0_2,6612_4_4
4714_3_5,4914_2_2
6760_3_1,6954_4_6
4237_3_4,5531_1_4
6553_0_4,6712_1_3
4669_4_0,6139_4_1
5004_4_3,6892_3_1
5773_3_3,6865_1_0
4469_5_5,4689_3_2
4677_2_4,4952_1_0
5384_2_1,5780_3_5
4830_2_4,5936_2_0
5477_3_1,6694_2_6
5919_0_6,6009_5_1
5737_4_0,5760_4_0
5571_0_4,6844_4_5
4614_4_6,5671_0_3
4901_4_4,6854_4_6
4665_5_6,5765_5_6
5888_4_3,6452_2_1
5228_4_4,5989_1_2
5042_0_4,6316_1_2
6118_3_2,6506_1_2
4147_1_1,5440_0_2
5054_5_0,6487_2_0
6175_2_0,6805_5_0
5190_4_0,5834_3_2
6176_5_1,6408_2_4
4490_2_2,6512_0_0
4700_3_1,4780_2_0
4148_2_4,4250_0_3
4721_1_2,5912_1_4
5910_4_4,6505_4_3
4614_2_6,5321_3_0
5814_3_5,6766_4_1
5220_3_3,6986_4_3
4618_5_3,6094_4_2
4913_4_4,4949_2_1
6116_4_6,6339_4_4
5386_1_3,6791_0_3
4615_0_4,6462_0_4
5482_2_5,6375_1_1
4545_1_1,6035_0_4
5394_4_4,5607_1_1
4098_3_2,5104_3_5
6246_3_3,6908_4_3
4883_3_2,5952_4_1
5438_5_5,5889_2_1
5319_3_1,6019_3_1
5267_3_4,6789_5_5
4836_3_1,6997_5_4
6451_3_1,6931_5_1
4537_4_2,6033_2_2
6129_5_2,6772_2_2
5842_1_2,6244_3_3
4449_2_0,6209_2_5
5049_4_4,6163_4_2
4182_1_1,6037_4_0
6612_4_4,6672_4_3
6235_5_5,6630_2_4
4424_4_1,4593_3_4
5672_0_1,6254_1_3
5275_1_1,6431_1_3
5737_1_4,6020_3_0
5744_1_4,6376_2_4
5410_3_5,6211_2_4
6052_1_3,6698_1_2
4719_3_0,6944_3_4
5494_2_1,6860_0_0
4358_0_5,4708_5_5
4178_1_4,6535_3_3
4369_3_3,4809_2_5
5892_5_2,6010_2_3
4627_3_5,5152_2_5
6089_2_3,6293_5_2
4631_2_2,4691_0_0
4384_4_3,4439_2_4
5367_4_4,5838_3_0
5223_0_0,5668_4_3
6042_3_6,6703_1_6
5251_0_0,5865_1_4
4107_2_5,5916_2_1
4908_0_0,5212_4_0
5114_2_3,6366_3_0
4251_1_6,4899_4_4
4221_5_3,5885_0_6
6150_4_4,6692_1_3
4170_2_2,5354_2_1
4505_3_3,6532_3_3
4004_4_0,6349_0_3
5115_2_0,5575_1_2
4094_0_3,5517_5_4
4127_0_1,6346_1_1
4902_1_0,5138_4_2
4571_2_5,4699_4_0
5928_2_3,6349_0_5
4783_3_4,6726_2_2
4460_2_3,6082_3_4
4499_4_2,5389_5_3
5037_4_1,5423_3_4
5461_4_6,6983_1_5
6018_2_2,6844_5_3
4170_2_1,4314_1_5
4210_1_2,6589_1_2
5338_1_2,6927_2_3
4139_4_1,6135_4_5
4970_1_5,5547_3_5
5242_1_1,6675_0_3
4088_5_0,4314_5_2
6819_0_0,6823_3_2
5309_1_4,6491_2_6
4227_1_6,6514_5_1
4129_1_2,6463_0_5
4712_1_4,5253_0_2
5631_3_5,6179_3_0
4714_1_1,4740_1_2
5236_2_0,6228_5_5
4364_5_5,5218_4_3
5323_1_1,6970_1_0
4197_5_1,6398_3_4
5689_2_4,6954_4_6
6584_1_1,6976_4_1
4325_5_2,6497_4_1
4169_4_0,5548_0_2
4761_0_5,6680_4_5
4677_2_0,5408_1_1
4311_1_6,6880_1_3
4533_3_0,4642_0_1
4623_0_1,5193_4_6
5982_1_4,6974_0_0
4608_0_1,6813_1_1
5672_3_2,6541_1_5
5715_1_0,6453_1_5
4317_3_0,6707_0_1
4352_5_5,5936_1_2
5452_0_1,5986_1_1
5762_0_5,5986_1_1
4501_2_2,4958_4_4
4902_3_3,5352_1_0
4150_1_1,5742_3_1
6766_2_1,6850_3_5
6219_4_4,6954_4_6
5276_1_2,5348_1_4
4733_0_2,5632_2_4
5222_1_5,6910_3_5
5326_1_5,5748_1_3
4345_3_2,6442_3_3
6750_0_6,6864_1_4
5193_4_5,6847_3_2
4074_2_0,5798_3_4
4563_1_5,4865_5_0
4201_1_1,4323_0_1
6753_2_1,6961_3_0
4379_5_1,4800_1_4
5726_0_0,6931_4_6
6225_2_1,6888_1_2
5749_3_0,5968_1_5
4692_4_0,4935_3_0
4328_0_2,5382_3_0
4524_0_1,5198_0_2
5399_1_4,6346_1_1
4700_1_3,5012_0_2
4887_1_0,5246_3_0
5869_2_1,6424_4_2
4246_5_3,5659_2_3
6200_2_0,6339_2_1
5432_1_1,6195_4_3
4565_4_0,6723_4_2
4740_2_3,5184_4_1
4728_3_2,4813_2_3
5825_2_2,6489_3_4
6263_3_3,6474_0_0
4543_3_5,5308_4_2
4293_5_0,6491_0_4
4141_2_3,5039_2_1
4800_4_2,6741_1_2
5702_3_1,6247_4_0
4258_4_1,4929_0_3
4775_3_6,4929_0_3
4782_3_1,5644_0_1
6028_3_4,6999_1_4
5015_4_0,6480_3_2
5240_4_6,6438_3_2
6035_1_4,6222_0_1
5524_5_4,5774_0_3
4441_0_3,6681_1_3
4059_2_1,4905_4_5
4346_1_4,4951_1_2
5591_0_3,6199_1_3
4135_4_5,5908_1_4
4722_5_4,6131_4_0
4606_4_0,5996_0_4
6176_4_1,6704_5_4
5060_1_0,5404_0_2
5132_4_5,5679_3_3
4566_0_5,4929_1_4
4333_3_0,6747_4_2
6081_3_6,6625_1_5
4354_3_5,6038_2_2
4105_2_0,4443_2_4
5934_0_0,6727_5_0
5217_3_2,5845_3_0
5148_2_4,6983_4_0
4065_0_4,6786_2_2
4764_3_2,6092_1_0
5233_5_2,6044_1_4
4629_4_5,5907_3_2
5172_2_3,5431_1_1
4156_2_5,6263_1_0
4901_0_4,6594_4_3
4425_0_4,6276_5_0
5159_0_2,6166_4_1
4463_1_0,5364_4_1
6523_3_3,6937_4_3
5822_4_6,6226_3_0
6215_1_0,6400_3_2
5343_4_1,6252_5_4
4288_0_5,4651_2_5
4205_1_0,5180_5_4
4334_5_4,4747_0_5
4401_3_5,5316_5_6
6644_1_6,6881_4_2
6748_5_4,6941_0_2
5241_1_2,5720_3_2
6506_1_2,6972_5_3
5140_0_4,6674_0_0
6242_3_0,6288_3_5
5726_2_3,5757_3_0
5589_5_5,6090_1_6
4864_0_1,5373_3_0
6675_2_6,6750_4_2
4919_2_5,5686_2_2
5246_2_6,5563_0_2
6855_2_2,6881_4_2
4721_3_2,5874_4_3
5345_4_4,6977_4_1
4658_1_0,5553_0_1
6428_0_0,6669_4_0
4341_3_2,6308_4_3
4617_0_1,6722_4_0
5535_0_1,6240_3_1
4269_2_5,6920_3_2
4797_3_4,5520_0_4
4907_4_0,5412_5_2
4718_3_5,5205_1_4
5162_2_4,5471_4_5
5513_5_4,5732_2_0
4728_1_2,6391_4_0
5707_3_5,6854_4_1
4462_4_2,4898_4_1
4025_3_2,5674_4_0
4930_2_0,4940_3_0
4599_5_3,6461_3_0
5511_2_0,5738_1_2
5283_1_4,5647_0_4
4772_0_0,5867_0_3
5133_0_0,6471_4_4
5857_1_1,5946_4_4
4659_0_4,5254_4_1
4156_2_6,4718_4_4
4971_1_3,6150_1_4
5556_2_0,5762_3_6
4765_5_6,5320_4_0
6237_0_3,6482_4_0
4429_1_3,6863_3_1
5957_0_3,6567_3_1
5928_2_1,6261_4_3
4322_0_4,5978_0_5
6110_2_1,6629_1_0
6724_1_3,6737_1_5
4448_1_2,6269_2_2
6059_5_1,6065_3_3
6228_4_1,6549_2_4
6164_5_4,6255_3_6
4419_3_6,6722_3_2
4558_1_4,6154_0_5
6881_4_2,6897_2_1
4943_5_4,6931_4_6
6872_0_0,6984_2_0
4238_3_4,4314_5_0
4146_1_1,5978_0_0
5600_3_1,6360_0_5
5090_3_1,6318_4_2
6468_1_2,6704_2_5
5106_2_4,6954_4_6
4704_2_2,5206_4_2
4700_1_6,5668_4_2
4519_3_2,5330_4_0
6607_5_5,6756_3_3
4892_2_2,6794_2_4
4302_4_3,6183_1_3
5404_0_6,5926_4_3
4969_4_1,5681_3_3
4395_0_0,5581_0_6
4756_3_4,5924_2_0
4530_0_3,5924_2_0
5413_3_2,6231_5_4
4194_5_3,5150_0_0
5877_4_4,6610_4_2
4197_1_0,5360_3_4
6072_1_2,6997_3_0
6532_3_3,6610_4_2
5686_2_2,6893_4_1
6525_0_2,6958_4_4
4253_3_4,4698_3_1
5286_2_2,5468_2_0
4255_2_1,6095_0_1
5632_1_4,6531_2_6
4527_0_3,6083_1_0
4732_0_5,6816_2_4
4066_4_5,5647_1_4
4882_2_2,5821_2_4
4179_0_5,5631_1_4
4898_4_1,6894_2_4
4496_1_3,6924_0_5
4310_1_0,6199_1_3
5549_0_5,6425_4_4
4156_4_3,6388_2_3
6375_3_4,6535_3_4
4658_2_6,4931_3_2
5686_4_2,6838_4_0
5360_3_4,6269_1_4
6475_4_3,6779_1_2
4508_2_4,5379_2_1
5384_3_3,6452_2_1
5129_3_0,6924_0_5
4688_3_2,5400_3_3
4227_5_6,5808_0_3
5204_4_4,6498_0_4
4779_0_2,6207_2_1
4424_1_5,4782_3_3
4564_3_4,5429_2_3
5490_2_4,5767_1_1
6265_0_4,6762_3_2
4595_4_2,6347_1_4
5201_3_6,6373_1_0
5138_1_3,5805_1_3
4745_3_4,6695_1_2
4952_3_3,5903_1_4
4502_2_4,6806_0_4
4432_4_6,4556_3_3
4805_5_4,6201_4_2
5730_1_1,6611_3_6
4247_2_0,5319_0_4
4319_3_1,4724_0_5
4737_0_4,6873_0_5
4613_5_5,5881_0_1
6430_2_6,6742_3_3
6047_0_2,6914_3_1
4332_3_4,5518_5_5
5798_3_4,6775_5_3
4769_3_2,5452_2_3
4313_1_1,5696_4_2
5083_3_3,6545_1_0
6185_3_3,6620_1_2
5663_2_3,6556_2_4
4415_1_2,5574_2_5
4342_3_4,5961_5_5
4372_2_0,4790_1_4
5369_2_3,6899_0_2
6018_3_4,6610_4_2
4566_4_0,5262_0_2
4005_4_1,4035_4_4
4735_1_5,6971_0_0
5618_4_1,6421_5_6
4216_1_3,5475_5_1
4078_1_1,4700_0_0
5235_1_1,6615_3_2
4520_2_4,5578_2_0
6316_5_1,6861_3_3
5978_1_3,6500_3_2
5030_5_1,6615_3_2
4590_0_3,6786_3_0
5231_1_3,5537_0_0
5518_5_5,5806_1_2
5016_3_6,5235_2_1
5196_2_0,5235_2_1
4837_4_2,5806_0_2
4899_0_3,4994_4_2
5052_3_4,5979_2_1
4089_5_2,4372_2_2
4561_0_4,4793_3_4
4918_3_5,6224_4_0
5672_4_3,5980_5_0
6235_0_4,6624_0_2
4230_3_2,6401_0_4
4528_2_1,6079_4_2
4719_3_1,5223_4_1
4401_0_1,6018_1_4
5576_1_4,6264_3_3
4047_4_5,4298_4_4
5811_4_0,6988_2_0
6162_1_1,6943_3_1
5261_0_4,5422_4_0
5243_5_1,5589_2_2
5286_1_0,6012_2_0
4844_1_1,5612_4_2
4754_0_3,6077_0_2
4628_3_6,5669_3_0
4370_1_4,6718_0_3
4581_0_0,5838_4_6
4981_5_5,5278_4_4
5412_5_2,6977_4_1
5416_4_3,5949_1_5
5190_3_1,5387_0_5
5409_2_4,6572_5_4
5039_0_6,5047_0_4
4550_4_4,5300_5_0
4589_1_2,5464_4_4
6056_0_1,6552_0_5
5290_0_0,5585_5_1
5989_5_4,6888_2_3
4849_4_4,4901_0_1
5981_1_3,6068_4_1
4812_4_0,5561_0_5
4266_3_4,4815_3_2
5511_1_3,6502_1_0
4691_3_0,5047_1_3
4480_4_2,6147_3_5
4410_0_1,4441_0_4
5804_4_4,6366_0_3
5591_4_3,6595_5_4
4848_1_5,5864_5_4
4855_1_4,5889_1_0
5049_2_3,5688_4_4
4339_3_2,6057_5_4
4158_3_1,6041_1_3
4275_1_5,5899_1_1
4372_3_2,6969_5_3
5007_0_1,6244_0_5
5499_0_1,6957_1_1
4604_3_3,6541_1_5
4199_3_5,5553_3_3
6024_0_6,6746_3_5
4167_1_2,6433_1_3
6132_0_0,6728_2_2
4694_2_0,5224_3_1
4282_2_1,4792_4_0
4260_1_2,6552_1_0
4117_5_3,5250_1_5
6183_0_2,6688_1_5
5674_5_4,6610_3_5
4725_0_5,6588_2_2
5468_4_0,6935_2_5
6110_3_6,6536_2_3
5846_2_5,6495_4_0
4607_2_2,6894_2_4
5409_1_4,5604_1_1
5704_5_1,6338_0_6
5920_2_5,6047_4_3
6067_1_5,6531_2_6
4091_2_3,6395_0_0
5990_4_1,6270_1_4
6503_2_3,6633_3_3
5019_2_5,6094_4_2
4726_0_3,5300_1_3
6376_5_2,6727_3_5
5730_1_3,6314_4_3
6057_5_3,6825_3_0
4728_0_0,5967_4_3
5797_0_3,5967_4_3
5031_1_4,5618_3_0
5401_2_1,6644_1_6
4514_0_1,6030_4_1
5568_4_0,6905_2_0
5523_3_1,5912_2_0
5212_4_6,6328_1_4
4594_3_4,5250_3_4
4806_0_3,5884_4_5
4461_4_0,4488_5_2
5767_1_1,6335_1_3
5092_5_2,5953_2_0
5737_2_0,6924_0_5
6294_4_3,6582_2_3
6560_2_3,6582_2_3
6582_2_3,6650_5_4
5541_4_2,5642_2_2
4354_1_1,5237_3_5
5362_2_5,6962_3_6
5472_2_5,5492_2_1
6458_2_0,6681_2_0
4321_4_5,6420_0_2
6210_1_3,6391_4_0
4923_2_4,5812_2_3
5653_2_5,5850_0_4
5893_2_6,6976_4_0
5161_0_2,6351_0_3
4805_4_0,6694_0_5
4938_0_3,5654_5_5
5718_0_1,6412_3_2
5640_0_4,6792_3_0
5346_1_3,6631_0_0
4142_4_2,4205_4_2
4942_2_3,5170_2_6
4653_1_4,6807_0_1
4444_3_5,6246_5_4
5222_4_0,5763_1_4
5075_0_3,5195_2_0
4609_3_5,6444_4_2
4619_2_3,6897_2_1
4265_5_1,5533_1_2
5355_4_1,6744_2_1
5822_0_3,6452_4_3
4243_5_5,6657_3_0
4761_0_2,4935_1_2
5441_1_4,6031_4_3
4324_1_1,5038_0_0
4130_1_5,5843_3_3
4630_2_6,5053_3_2
4317_4_4,5273_3_4
4064_3_3,5537_5_2
4533_2_0,5098_1_2
5513_1_0,6754_2_3
6023_4_1,6469_4_2
5301_3_5,6559_2_2
4005_4_4,4310_1_4
4717_2_3,6259_3_3
4357_2_0,6097_1_5
4870_3_5,5350_3_3
4163_0_5,5875_0_0
6338_3_5,6955_2_2
6217_3_5,6887_1_4
6134_2_3,6525_1_1
4932_0_2,5570_1_4
4838_3_1,5636_1_3
6137_3_3,6566_1_5
5866_0_0,6398_3_0
4779_4_5,6037_3_0
6577_3_1,6807_2_5
4759_3_5,5861_1_6
4878_1_4,5652_1_2
4688_5_4,6269_3_6
4702_2_5,5349_1_1
5007_0_4,6163_3_1
4844_1_0,6631_1_2
4809_0_2,5609_2_6
6194_3_6,6524_4_2
5052_4_1,5123_3_1
5756_2_5,6039_4_1
6441_4_3,6635_1_2
4961_4_2,5460_4_2
6239_2_1,6359_5_0
4915_4_4,6265_2_5
4543_1_3,4968_0_1
4548_0_4,6729_4_1
4547_3_3,5569_3_0
5973_2_1,6106_5_2
4959_2_0,5470_3_4
6931_1_4,6983_1_5
5259_0_0,5846_4_2
6747_4_1,6805_3_2
5098_1_2,6801_0_3
5687_4_4,6522_2_1
4119_5_3,4230_2_2
4944_0_4,5133_4_2
4130_0_3,4722_5_1
5076_1_0,6644_0_2
5629_3_6,6498_2_0
4903_2_1,6106_3_3
5479_2_2,6638_0_4
5906_0_0,6114_0_1
6087_1_1,6114_0_1
4587_1_3,5467_4_5
5968_3_3,6929_3_5
5064_0_0,5779_1_3
5641_4_1,5659_5_5
4843_0_1,6805_1_2
4552_0_1,5235_4_0
4791_2_5,6866_0_5
4088_0_6,6252_1_1
5179_4_0,6113_3_0
5746_1_4,6753_1_2
4613_3_2,6684_1_1
6320_0_2,6667_3_1
5538_0_4,6843_0_0
5705_0_4,6428_2_5
4952_3_5,6842_1_0
5214_4_5,5407_3_1
6291_1_0,6723_0_5
6176_3_0,6597_5_2
5128_1_6,6661_1_4
4891_1_2,5529_4_3
4809_3_5,4877_1_1
4264_0_5,5540_3_3
5080_4_1,6915_1_1
5490_1_3,6846_1_2
5855_1_0,6223_1_5
5063_4_2,6437_2_5
4960_4_1,6972_1_3
4102_2_0,6100_4_1
5375_3_1,6252_5_1
4397_3_2,6637_0_0
4343_1_3,5822_4_1
5571_4_4,6788_2_1
5413_5_4,6941_1_3
4371_2_1,5686_1_0
4377_2_1,5074_0_3
5328_2_4,5626_3_4
4679_5_3,6718_5_4
5632_0_2,6958_4_4
5347_3_1,5848_2_3
5736_0_5,6631_5_1
6286_1_1,6636_0_6
5293_4_4,6689_2_4
5190_3_0,6864_0_4
4611_3_4,6229_4_3
6230_2_2,6620_1_2
5361_0_5,5634_1_1
5041_2_1,6885_5_5
5466_3_4,5707_3_1
5594_4_1,6804_4_0
5719_4_5,6531_2_6
4598_1_0,6521_0_2
5986_5_5,6358_2_2
6844_5_3,6850_2_1
4391_2_6,6663_1_0
4924_0_1,5083_0_4
4695_3_4,6737_1_2
5727_2_6,6059_4_2
4773_0_2,5916_4_5
5551_5_5,5806_4_3
4980_3_1,6591_0_0
4236_1_0,4259_1_3
6207_2_1,6635_1_2
4929_0_3,6400_3_2
4196_2_1,5856_3_0
4188_4_1,6087_3_5
5012_4_3,6766_0_3
4720_0_1,5205_4_0
5059_3_3,5119_5_6
5608_1_0,5815_0_5
6125_1_4,6534_0_5
5351_4_1,5565_4_1
5347_1_3,6531_2_6
5885_5_1,6977_4_1
4788_4_2,5265_3_0
5071_1_5,6757_1_4
4914_2_4,5060_0_4
5111_3_4,5945_0_4
4876_0_3,6388_0_2
4879_3_2,4951_2_0
5252_3_1,5806_0_3
4695_5_2,6245_4_2
6016_0_2,6317_5_0
6172_3_1,6317_5_0
6552_0_5,6606_3_3
4740_4_2,5900_5_2
4754_5_0,5176_3_3
4925_2_0,5916_4_5
4846_5_2,6496_0_5
4581_3_3,5168_4_1
5718_5_3,6585_0_2
4208_1_5,4687_5_0
4277_2_2,5816_3_2
4287_0_0,6158_0_4
4404_1_4,6238_3_4
5433_0_3,6452_4_3
4469_2_5,5885_1_6
5680_2_1,6785_3_0
5161_2_3,5888_2_2
5028_1_4,6329_1_5
5451_2_2,6547_2_4
4053_3_1,6683_0_0
6624_1_0,6947_0_1
4396_1_1,5852_4_2
6476_2_2,6765_3_0
4784_2_4,6044_3_2
4173_2_0,6479_1_0
4023_4_0,6735_2_0
5935_2_3,6735_2_0
5372_2_4,6961_3_0
4494_1_4,5344_4_3
5732_0_5,6450_0_1
6395_1_4,6648_4_6
4668_1_1,5629_0_0
5978_0_0,6053_0_0
6179_2_6,6572_5_1
4944_2_1,6915_2_0
5178_2_0,5402_3_3
6123_3_2,6847_2_1
5353_0_1,6014_2_3
4592_0_4,5409_2_0
5648_2_3,6395_2_0
5857_5_5,6733_5_6
6042_3_2,6703_1_4
5766_1_4,6273_3_0
4265_3_4,6855_2_1
4312_2_0,5438_5_2
5684_2_2,6357_2_2
4144_4_0,4252_0_2
4661_4_6,4844_0_2
5146_2_3,5537_4_1
4776_2_0,6492_4_1
4230_4_0,4264_1_3
5628_5_1,6345_0_6
4764_1_5,5215_0_1
6627_5_4,6975_3_1
6430_3_3,6928_4_3
5339_4_1,5601_2_4
5340_5_5,6721_1_2
6122_1_4,6244_1_1
5402_3_3,5563_0_2
4936_3_5,5745_4_5
4438_1_2,5841_0_4
4046_4_6,6494_1_5
4892_5_1,6418_4_2
6796_3_4,6978_2_0
5163_4_1,5356_0_0
5650_4_3,6076_1_0
5772_3_2,6041_4_1
4139_3_3,6897_2_1
6695_1_2,6954_4_6
5495_3_1,6523_0_1
4320_3_0,6593_4_3
4330_2_2,6153_3_4
4693_0_4,5266_4_5
4699_5_6,5083_0_4
4131_4_0,4131_4_3
4077_0_4,6257_4_3
6038_2_4,6921_2_3
4960_4_0,5075_4_3
4755_0_1,5860_1_2
5350_2_3,6351_4_1
4740_4_3,6505_3_4
4668_3_2,6413_3_0
4491_0_3,6334_3_4
5543_1_5,6609_2_4
6269_1_4,6772_1_2
6558_5_0,6593_3_4
4859_3_1,5452_4_1
5649_3_2,6806_1_4
6240_1_6,6889_2_5
4639_3_5,6778_3_5
4077_0_3,4729_1_3
5419_1_1,6016_2_0
4014_3_0,4670_1_5
4106_0_4,5637_0_0
6332_1_2,6601_0_5
5651_0_4,5724_5_1
5733_1_0,6082_4_4
4136_0_6,6488_3_5
6005_3_4,6566_4_4
4354_4_0,6765_3_0
5285_2_4,6294_4_1
4768_1_0,6408_4_3
5066_1_1,6638_1_0
4289_3_3,6040_3_1
4650_3_3,5997_2_2
5997_2_2,6204_4_0
4143_2_2,5768_1_1
5512_2_2,5529_2_0
5490_0_1,5695_5_4
4240_4_2,6766_0_3
6081_1_5,6131_2_3
5117_2_1,6621_0_3
4412_3_4,5099_2_5
4152_5_3,6147_4_5
4570_2_4,4942_5_5
4478_0_2,5725_1_2
4470_3_2,5692_1_5
5340_1_3,5917_0_0
5358_0_3,5366_4_1
6246_5_4,6725_4_3
5165_2_2,6897_2_1
4954_1_4,5881_0_1
4237_0_1,6202_5_3
5884_4_5,6148_1_1
5218_2_5,6680_4_1
4955_0_2,6880_3_6
6190_4_2,6348_3_4
6708_4_3,6977_4_1
6170_4_4,6629_2_6
4328_4_3,5913_4_2
4283_3_1,4807_5_3
4016_4_0,5602_5_5
5002_0_0,5217_4_0
5873_3_1,6901_1_4
4932_5_0,5765_1_4
5553_3_0,6354_0_1
5094_0_1,6808_4_4
4279_2_4,6118_4_5
5057_4_2,6884_1_2
4465_2_4,5235_5_1
4751_4_1,5406_4_4
5707_3_1,6700_2_5
4546_5_3,5160_2_0
5466_5_0,6745_1_5
4555_0_5,4946_4_0
4029_5_5,6354_5_4
5114_4_4,6645_4_2
6055_0_1,6761_1_1
5317_4_2,6963_4_4
4349_3_1,4912_1_4
4182_3_0,4249_0_0
5860_1_2,6232_4_1
4940_2_5,6633_2_4
4850_4_0,5313_4_0
4809_1_4,5510_1_1
5807_0_2,6999_2_2
5750_2_4,6403_5_1
5265_4_1,5403_2_5
6121_4_6,6939_3_2
5163_0_4,6068_0_2
4144_0_6,4318_4_3
4126_4_4,6915_5_1
5275_0_3,6844_4_0
4095_2_5,4479_2_4
4682_3_4,6959_2_2
4336_0_4,6860_2_3
6080_1_6,6693_5_5
4613_0_5,4927_5_1
5733_0_6,6929_3_5
4757_4_6,5649_2_3
5389_2_3,6196_3_2
6350_5_2,6426_0_0
4324_4_1,5208_3_5
5847_0_5,6198_3_3
4990_3_3,6151_1_1
4933_1_5,6361_2_5
4432_0_0,6074_1_6
4298_4_4,5415_1_1
4793_4_3,6735_2_0
6387_1_0,6675_0_3
5856_4_1,6272_0_1
5614_2_4,6032_3_5
5513_0_1,6866_0_1
5882_3_1,6883_1_5
4650_2_0,5117_1_4
4710_2_1,4974_5_1
6573_4_3,6995_4_1
6172_1_4,6264_2_1
6104_0_4,6251_3_3
5635_3_3,6731_3_6
4951_0_0,6164_3_4
5197_1_1,5543_4_0
5574_2_0,6254_1_2
4478_1_6,6334_3_4
5470_0_6,6443_3_6
4699_4_0,6213_1_1
4984_5_3,6061_0_3
5525_3_3,6661_1_6
5257_2_1,6672_4_3
6635_0_3,6661_1_6
4964_0_2,6891_2_1
5825_0_4,6850_4_0
5462_4_3,6855_1_1
4925_0_1,6366_0_0
4145_2_6,6332_4_1
6450_2_5,6801_0_5
5346_3_3,6746_4_5
5236_5_3,5625_4_4
4484_3_0,5817_4_1
5649_4_4,6774_3_0
4006_3_5,5285_4_3
4528_3_0,5053_0_5
4483_1_0,5995_1_4
6634_1_3,6967_0_4
4227_2_2,4684_4_5
5491_1_4,5565_4_1
4185_0_2,6061_0_3
5092_4_2,6156_0_2
5777_2_0,6645_2_2
5594_0_4,6176_0_6
5213_2_3,6084_4_1
4073_0_0,4165_0_1
6110_4_2,6434_5_4
4416_3_1,6897_2_1
4910_2_0,5003_1_1
5128_4_1,6758_4_2
4664_1_1,5523_1_4
5069_2_3,6836_4_0
4054_1_1,4165_0_5
4662_5_3,5159_2_2
5023_1_3,5452_4_1
4599_2_5,5201_0_3
5305_0_1,5989_3_0
5517_0_1,6413_2_5
4723_2_1,4740_0_6
4740_0_6,5888_0_1
5045_4_2,6150_2_1
5307_2_2,6895_3_2
4046_0_4,6975_4_5
6009_4_0,6897_2_1
5070_4_4,5191_5_2
4586_4_3,5316_2_0
5650_4_2,5808_2_4
4015_1_1,4898_0_0
4762_0_4,6306_0_0
4863_3_2,6003_3_1
6717_1_4,6949_4_4
5925_4_3,6887_1_4
5110_0_2,6257_1_4
6309_2_2,6999_2_2
4928_2_3,5751_5_1
5721_0_1,5813_0_1
4565_1_4,4904_4_0
6619_0_1,6795_3_3
6067_2_4,6451_0_1
4394_3_0,6806_3_1
6491_2_3,6497_4_1
4877_1_3,5110_4_1
5060_0_4,5904_0_1
5354_3_3,6257_3_2
5291_0_5,6296_2_0
4538_1_1,6290_3_0
4963_1_4,6282_2_5
5520_0_3,6160_3_4
5963_2_0,6779_0_1
6106_0_3,6745_2_5
5427_3_2,5936_1_2
5575_4_3,6609_2_4
5928_4_4,6992_2_0
5252_1_3,5838_4_1
5421_2_0,5483_2_3
6415_4_6,6852_1_4
6349_0_1,6478_1_4
5870_0_2,6329_4_5
5712_4_6,6949_3_3
5436_4_1,6300_2_6
4781_1_1,5301_1_4
5177_3_0,6587_5_3
5970_1_3,6098_1_1
5414_3_1,6193_0_4
5652_0_4,6652_2_0
5685_1_2,6593_3_0
4454_4_3,5372_4_4
5445_1_3,6240_4_3
5705_0_1,6565_4_3
6301_3_2,6976_4_1
5460_1_2,5801_5_4
5919_3_4,6899_2_5
4853_2_3,6890_5_2
6609_2_0,6826_4_1
5133_2_1,5414_3_6
4234_4_4,5537_5_1
5404_1_3,6574_3_1
5040_0_3,5529_1_6
6436_1_1,6479_3_4
4885_5_4,6723_0_5
4281_1_0,6465_1_6
5416_0_2,5532_1_3
5590_2_3,6672_4_3
5433_5_0,5583_4_0
5583_4_0,6102_2_1
5182_1_2,5306_5_1
4189_0_4,5380_4_1
4372_0_0,6132_0_2
6670_1_0,6783_3_4
6293_3_0,6753_2_1
4891_5_0,5414_4_3
4588_2_6,5689_4_2
4850_0_4,5801_4_4
5423_4_2,6168_5_3
4673_2_6,6944_4_1
5286_5_1,5761_1_6
5251_0_2,6795_3_3
4117_0_1,6049_0_5
5920_5_5,6429_4_5
6116_3_6,6958_4_4
5235_2_1,5990_4_1
5742_4_3,6509_2_0
5543_4_3,6931_3_3
5853_1_0,6512_2_6
5132_4_1,5601_4_3
4141_4_5,4758_0_0
4348_5_5,5784_0_0
5330_4_0,6561_2_2
4389_1_6,4834_4_0
6618_1_5,6655_4_6
6358_2_2,6902_2_0
5927_4_1,6040_2_4
5734_3_2,6368_4_3
4675_4_2,6766_0_3
4030_0_2,5816_1_2
4637_2_3,4728_5_3
4775_2_1,5717_4_6
5679_3_3,6779_2_1
4398_5_1,4615_3_1
5269_3_2,5377_5_4
5045_1_4,5983_5_4
4216_2_1,5210_0_5
4038_1_0,6148_2_0
4650_5_5,5092_0_5
5798_3_0,6622_3_0
5967_3_1,6557_0_3
4488_0_3,5020_2_0
4721_1_1,6820_3_4
4637_4_0,5739_0_3
5838_4_6,6115_4_0
5631_3_3,5704_2_1
4656_5_0,5868_3_2
4563_0_5,6084_3_0
4228_0_0,5114_2_6
4436_1_2,4560_5_4
4977_4_2,5231_4_6
4585_3_5,4905_4_5
5181_5_0,6934_4_2
5476_2_1,6959_0_3
6036_0_1,6255_3_2
5113_4_3,6360_1_4
6107_4_3,6545_4_2
4502_4_3,5771_0_3
6525_2_2,6531_2_6
4047_1_1,4201_1_2
4423_4_0,5222_1_6
4001_3_1,6594_2_5
6763_2_0,6868_0_0
5371_0_0,6566_3_2
5876_2_4,6999_2_2
6325_1_0,6954_4_4
6113_3_1,6431_0_4
4500_2_6,6798_1_1
5362_3_4,5972_4_1
4712_5_0,6008_0_4
5470_3_3,6297_0_4
6610_4_2,6722_3_2
4607_3_6,5431_4_4
4618_1_5,5234_3_4
6451_2_3,6523_4_3
4951_2_0,5347_4_4
5990_3_2,6902_2_0
6087_0_4,6737_0_1
4757_4_4,6570_3_0
4434_1_4,6761_3_6
4139_0_6,6036_0_2
4386_1_4,6662_4_1
4579_1_4,5900_5_3
6247_4_0,6758_1_3
5801_4_0,6024_0_4
5210_2_0,6344_1_5
5861_5_4,6895_4_0
5622_4_0,6072_3_2
5588_5_3,6612_4_4
5997_1_2,6638_2_0
4086_0_2,6500_0_5
4784_3_3,5327_3_5
5694_4_3,6435_2_6
5462_4_2,6667_4_5
5245_3_3,6410_2_4
5366_2_0,6621_4_1
5309_3_3,5625_3_1
6621_4_1,6743_0_1
5336_2_6,5816_3_2
5928_4_2,6630_3_2
4865_2_5,5176_3_3
5452_4_1,6961_3_0
4160_1_0,5457_1_1
6299_2_6,6512_2_5
4035_2_0,5290_4_4
6718_5_1,6890_2_0
6569_1_3,6698_1_2
4689_1_3,5783_3_4
5936_0_0,6403_5_0
6031_3_1,6444_1_5
4815_1_1,6848_0_4
4343_1_1,4935_0_0
4302_0_4,6054_5_5
5481_0_0,6934_0_3
6335_1_3,6894_2_4
6656_2_4,6953_1_6
4901_0_1,6746_4_5
4825_1_3,6631_0_3
4486_2_4,6159_0_4
4471_5_3,4820_1_4
5395_3_5,5421_2_0
4051_1_1,4307_4_2
4074_0_2,5882_5_0
5994_3_2,6566_3_4
4244_3_6,4901_2_0
6399_5_2,6591_4_4
4535_1_4,6766_0_2
5787_2_3,6541_1_5
6049_2_4,6758_5_4
5015_4_3,5429_0_3
6709_1_5,6742_3_3
4538_4_5,4546_2_3
5524_5_3,6507_3_4
4951_2_1,5767_1_4
4102_5_0,4134_2_2
5614_0_2,6342_0_6
4338_2_3,4485_1_4
5617_0_1,6349_2_5
5504_4_1,6708_4_3
5139_4_3,6897_2_1
5522_5_3,6198_1_5
6147_4_5,6426_0_3
6163_4_2,6536_4_4
4193_4_1,4203_0_2
5965_5_6,6281_1_2
6610_1_4,6796_0_1
4165_0_1,4605_2_1
6416_3_0,6567_3_1
4071_0_1,6360_4_2
4168_2_3,6523_4_3
5255_4_0,6223_1_5
6552_3_4,6705_3_2
6244_5_4,6620_5_5
6095_3_1,6670_4_4
4016_0_4,5841_1_6
5057_1_4,6564_3_0
6196_3_2,6928_3_0
5587_2_1,6259_3_3
4419_0_2,4551_4_5
4469_4_2,6508_3_3
4730_3_0,6698_3_4
5556_1_3,5813_1_2
5775_4_5,6259_3_3
6440_1_3,6458_5_6
4730_4_6,6441_4_3
5693_5_1,5894_0_1
4957_2_4,5077_5_2
6043_1_1,6772_5_4
6243_4_0,6813_4_1
4200_3_1,5078_1_2
5012_2_2,5852_4_2
4571_1_6,6937_1_1
4918_1_3,6995_4_1
4338_1_4,6044_3_2
5158_1_2,6413_5_2
6216_1_3,6980_2_2
5733_2_4,6765_3_0
5500_2_3,5652_1_3
6036_0_0,6609_2_4
6494_1_5,6635_2_1
5989_3_6,6536_2_3
5830_5_1,6352_5_6
4142_1_4,5489_4_5
4870_0_0,5724_3_5
5222_1_2,6143_1_5
4727_1_2,4891_0_5
4637_1_0,4712_3_5
5386_0_3,6359_0_3
4942_2_5,5277_2_0
4484_4_6,5379_1_0
6136_3_5,6374_0_0
5949_0_2,6069_5_4
5849_5_0,6786_3_1
6044_1_1,6388_1_0
4340_1_2,6645_2_2
5129_0_1,6743_1_1
5459_1_0,5985_4_1
5402_0_4,6591_2_0
5864_2_2,5914_4_5
5246_1_4,6389_1_3
4738_3_4,5724_3_4
4216_2_2,5224_0_1
4115_3_4,4261_0_3
4004_5_5,4572_3_4
6523_1_4,6897_2_1
4239_2_4,5386_3_6
6346_1_1,6870_1_2
4561_0_1,6038_4_0
6002_4_0,6998_0_0
4982_5_6,5066_3_4
6629_1_0,6962_3_6
4912_1_0,6863_3_1
4863_4_2,5763_4_0
5324_0_1,6535_2_4
4429_0_4,4977_1_3
5660_0_3,6123_5_1
4488_1_1,4968_0_1
5015_1_0,5853_1_1
4299_2_2,5765_1_2
4566_5_4,6866_3_1
6050_5_5,6448_2_1
5885_0_6,6142_4_4
5509_4_5,6384_2_4
5228_0_5,5747_2_0
4526_3_6,4876_2_2
5029_5_4,5616_2_1
4259_3_3,4598_1_1
4388_4_5,4914_3_2
4940_1_3,6717_0_3
5092_3_3,6336_5_2
6009_1_3,6139_3_0
4344_2_1,4391_1_2
6022_0_1,6745_0_3
4045_4_3,5160_4_3
5189_4_1,6954_4_6
5047_0_3,6997_5_3
5278_4_3,6944_2_1
4767_1_1,4813_4_5
5431_0_0,6194_0_0
5028_4_5,5869_5_4
5884_5_4,6029_4_3
4566_3_3,5953_3_0
5107_1_5,5662_4_0
6084_3_0,6678_3_4
4368_2_2,5339_2_6
5937_3_0,6468_0_4
5146_4_1,6037_1_1
4290_4_0,6408_4_0
5406_5_0,6891_0_5
6880_3_6,6995_4_1
4778_4_5,6193_4_0
4370_0_1,6148_4_0
5293_2_1,6246_0_0
4831_1_4,5300_0_0
4237_3_0,6318_2_5
5286_5_6,5880_0_1
4185_1_4,6333_4_4
4588_2_2,6265_0_3
4306_3_6,6711_3_0
5029_3_2,5197_1_2
4269_5_1,6610_1_5
4020_3_4,6063_0_3
4679_5_0,5984_4_0
4431_4_3,6728_1_3
4229_5_1,4691_0_1
4440_5_0,4799_1_2
5301_2_1,5977_3_0
5701_1_0,6976_4_0
5421_2_1,6524_5_6
4346_4_2,5654_1_1
4989_5_2,6683_2_0
5531_0_3,6700_2_5
5182_3_1,6698_1_2
4763_2_4,4884_2_0
6036_0_3,6978_3_4
5235_5_1,6288_3_2
4169_2_4,6314_4_3
5079_3_3,5785_1_0
5191_3_6,6416_4_1
5921_5_2,6280_4_1
5353_2_2,5378_1_6
6766_3_3,6897_2_1
6897_2_1,6927_4_0
4635_0_3,5013_4_0
4437_4_1,4688_0_3
5573_1_2,6529_0_4
6924_0_5,6954_4_6
4916_5_5,6293_0_1
4562_3_1,6101_0_0
4037_0_3,6844_0_0
4235_4_5,5648_4_2
6906_4_4,6954_4_6
5523_2_2,6620_4_0
4190_1_2,6547_1_3
6029_1_3,6543_0_1
6684_4_4,6985_3_1
4329_3_3,6487_4_0
5509_1_4,6145_1_0
5437_1_2,6731_0_3
4415_3_6,6100_2_0
5293_3_2,6437_3_3
5161_1_0,6734_1_5
6742_3_3,6746_4_5
5014_5_6,6936_2_2
4245_5_0,4574_3_3
5065_1_0,6259_3_3
4489_1_1,4868_5_0
4632_4_4,5911_3_3
4903_2_4,5839_1_3
6091_4_4,6407_4_2
4715_1_4,4823_4_2
4203_1_2,4312_3_6
6192_2_3,6567_3_1
6525_3_3,6655_4_2
4407_0_2,6051_5_0
5460_1_4,6872_4_5
6275_1_3,6952_0_4
5849_5_3,6416_5_1
5605_4_4,6169_0_2
4187_1_4,4647_4_0
4577_0_4,5489_3_4
5615_5_3,6810_1_5
5781_4_0,6993_4_0
6062_1_1,6587_1_2
6036_2_0,6345_0_5
4151_3_3,4536_0_6
4682_1_0,6019_1_3
6434_1_5,6794_3_1
5931_3_2,6753_4_2
6775_4_2,6961_3_0
4507_3_3,5591_2_0
4552_0_0,5210_0_5
4706_0_1,5935_3_4
4555_1_3,5251_1_4
6471_3_2,6777_2_2
5174_3_4,6830_0_6
5942_2_4,6391_4_0
4696_5_3,5216_4_1
4111_4_4,6765_3_0
6332_4_4,6637_3_1
5513_4_5,6844_0_0
4580_4_5,6772_2_4
6658_4_3,6951_0_4
5520_2_0,5636_2_3
5471_2_2,5980_3_4
5903_4_2,6330_1_0
6452_2_1,6644_0_3
4878_3_6,5025_3_5
5338_2_4,5581_3_2
4323_1_3,4448_4_4
4415_2_2,6281_0_0
4719_3_3,5642_3_4
6353_4_5,6508_3_3
5389_3_4,5545_4_1
6199_1_3,6883_2_3
6031_2_1,6790_4_0
4852_0_4,6526_0_2
6850_2_1,6976_4_0
4643_0_6,6757_3_3
5210_0_1,6883_2_5
6272_0_1,6596_4_5
6404_3_0,6522_2_1
4564_0_0,6151_3_4
5139_2_4,5354_1_4
6641_1_3,6972_5_3
4868_5_0,5660_5_3
4873_4_4,6896_2_3
6185_2_1,6559_2_2
5037_2_0,6964_0_2
5152_4_0,6856_3_1
5011_2_0,6825_5_5
5320_2_3,6317_4_4
4297_4_3,6935_2_5
4539_3_3,6318_0_3
4177_1_4,5596_0_3
6569_1_5,6937_1_0
5691_5_4,6792_3_0
4273_1_1,6030_1_2
4537_4_4,6564_3_0
5408_2_3,6454_0_4
6408_4_3,6432_1_4
4262_4_2,4787_4_0
4467_3_5,4605_0_2
4373_0_1,5240_0_4
4049_1_3,6905_1_0
4449_0_3,5688_2_0
5812_0_1,6920_2_0
6644_0_3,6888_3_0
4809_0_4,6384_1_0
4269_4_0,6570_1_3
5515_0_1,6370_2_4
5395_0_3,5726_1_1
4861_2_4,5048_1_4
5335_2_6,5452_2_1
5114_1_1,6931_3_2
4040_1_2,6850_4_4
5596_3_5,6864_3_1
4381_3_5,6101_4_2
5889_3_3,6137_2_0
5682_4_5,6885_2_2
6395_5_0,6807_4_1
4093_2_4,5096_5_6
5312_0_4,6974_5_4
4690_3_4,5960_1_1
4305_4_1,6972_5_3
4530_2_0,6283_4_6
6067_4_4,6609_1_1
5422_4_3,6599_3_6
4844_2_2,5338_1_5
6758_5_4,6897_2_1
5909_1_4,6097_3_0
5534_1_4,6524_0_4
4790_5_3,6939_2_1
5597_3_0,5821_1_1
5960_1_1,6950_1_2
5456_4_0,6987_4_3
6552_1_0,6745_0_3
4849_0_4,5224_3_3
5362_5_2,6397_0_2
4571_0_5,6700_2_5
5633_2_0,6032_0_3
6156_1_2,6362_1_0
4666_4_4,5126_0_3
5517_1_6,5861_1_2
4675_0_1,5308_2_0
4428_2_1,5961_1_2
5599_3_2,6434_2_5
6154_0_1,6566_1_5
6500_0_5,6541_1_5
4111_2_4,4334_1_2
5066_2_2,5109_5_2
4192_0_1,6733_5_6
5235_0_2,5800_3_2
5703_4_0,6406_2_1
5318_0_1,5927_5_0
4539_5_0,6449_4_5
4217_2_5,4749_1_3
5694_1_2,5805_2_6
5155_2_2,6799_0_4
4696_4_4,4758_1_1
6756_1_5,6841_4_6
5645_1_3,6915_5_5
4168_2_0,6775_0_3
4875_1_2,5096_4_1
5455_0_0,5511_5_1
4599_1_4,4946_2_0
6137_2_3,6848_4_4
6136_1_4,6199_2_3
4119_1_0,6725_1_6
4142_2_4,6015_2_1
4238_4_4,5023_1_4
4022_2_0,6601_5_2
4585_4_2,6927_3_0
4662_0_2,5461_2_2
5664_3_2,6606_3_2
5838_4_1,6384_0_3
6357_2_4,6980_3_0
5765_4_4,5963_0_4
4641_2_6,6800_0_2
5338_4_1,5749_4_1
6184_3_5,6609_2_4
5502_3_3,5715_4_2
4884_4_1,6376_1_4
5168_2_0,6954_4_0
4678_1_3,5030_4_2
5941_4_2,6987_3_4
6254_1_3,6744_5_2
6340_1_1,6457_4_5
4674_0_4,6997_0_4
6270_2_2,6304_4_3
6195_3_2,6222_0_2
6037_0_3,6591_0_0
6242_2_4,6987_4_3
4009_1_3,6957_2_3
4168_1_4,5532_4_6
6801_0_4,6923_3_3
6137_2_0,6944_2_1
4681_3_0,6790_2_2
5652_1_2,5892_3_5
5983_5_4,6877_0_3
4649_4_4,6305_1_0
4766_2_4,6134_4_4
4813_4_5,6859_0_1
6489_3_4,6601_5_2
5877_3_0,5881_0_0
4803_4_5,4891_3_2
5365_3_4,5466_4_1
5952_1_5,6231_1_4
6471_4_4,6644_3_6
6062_5_2,6430_2_6
6938_2_0,6995_4_1
5052_5_1,6465_4_3
4297_2_3,5223_1_3
4809_2_2,5195_3_1
5862_3_4,6451_3_2
4042_5_2,6180_0_4
4281_3_3,6952_3_5
4024_5_1,6305_1_0
4219_0_1,4535_0_1
5299_1_1,5319_1_0
6609_2_4,6662_4_1
5748_1_4,5751_5_5
6240_3_2,6560_0_5
6072_4_3,6290_3_0
5438_1_1,6221_4_2
4068_0_1,6700_0_0
4354_3_1,5753_2_3
5597_4_5,5888_0_3
4255_4_4,5397_1_5
5167_2_3,5175_2_1
4609_3_4,5392_0_1
5905_2_2,6644_1_6
4739_0_1,5477_0_2
4505_2_3,5954_0_3
5611_1_5,5707_0_5
5415_1_1,6544_0_2
5701_4_5,5792_1_4
5325_0_0,6795_3_2
4630_0_4,6890_5_0
4538_4_4,5503_0_4
5549_2_2,6368_2_1
4732_4_2,6535_2_4
4305_0_5,4594_2_0
5000_4_1,6162_0_0
5987_2_3,6508_2_5
5278_4_2,5995_1_5
4074_0_3,5531_1_0
5255_0_0,6106_5_0
6498_0_4,6999_2_2
4864_2_1,5664_3_3
5612_4_2,6220_1_5
4506_5_0,4589_3_6
4324_5_3,5645_0_5
6063_0_3,6633_3_1
4973_4_2,6983_4_0
5438_1_4,6694_5_3
4116_3_2,5025_1_2
4339_3_1,5560_3_2
4853_0_1,6303_0_1
4220_5_2,6779_2_1
5192_2_4,5761_2_4
5808_0_3,6627_3_2
4026_1_0,5165_3_3
5700_0_0,6603_5_4
4126_0_4,4432_2_1
5213_2_1,6129_0_2
4799_0_6,5188_5_0
6603_5_4,6961_3_0
5951_3_0,6986_1_2
4449_0_4,6831_0_0
4304_0_5,4441_5_0
4004_3_0,4971_3_1
4851_0_2,6577_0_2
5916_2_1,6675_2_4
4342_3_2,6824_3_0
5360_4_5,6357_0_3
4930_1_5,6795_3_3
5011_3_0,6187_4_2
4632_1_3,5720_1_0
6161_2_0,6240_4_3
4652_4_1,5271_1_2
6416_4_1,6454_4_0
6119_2_6,6205_1_1
4300_1_0,5317_0_5
4498_3_4,6352_0_0
6213_1_4,6228_0_0
6082_4_1,6957_1_1
4269_5_5,4820_1_2
5808_0_5,6773_3_4
5728_0_4,6166_2_4
5323_0_1,5560_3_2
6044_3_2,6958_4_4
6708_1_6,6915_4_2
5190_5_0,5407_2_3
4991_4_5,5004_3_5
4552_3_4,6780_4_4
4352_2_2,5742_2_3
4490_4_3,5176_5_4
4861_2_5,5870_3_1
5781_0_3,6757_1_6
4253_4_2,6867_2_2
4772_3_2,5349_0_5
4735_0_3,6826_2_4
4417_3_4,4561_2_5
5992_2_2,6995_2_2
4922_1_2,5088_4_3
5453_3_4,5483_2_3
4685_3_3,5570_4_3
5759_2_3,6151_1_2
4123_5_1,5807_4_2
5630_5_1,6999_2_2
6279_1_0,6995_4_1
6511_2_3,6546_0_0
5759_0_1,6567_2_4
5394_0_5,6273_1_2
5953_3_2,6521_1_0
6418_4_2,6506_5_3
4993_4_2,5815_0_5
4202_5_1,5330_3_0
4089_4_6,6910_3_5
5855_1_2,6790_4_0
4287_4_0,5834_0_1
5165_3_3,6347_3_1
5469_5_3,6134_3_5
5780_2_3,6342_0_6
6509_3_2,6534_2_0
6429_0_4,6969_5_0
4324_3_4,6026_3_3
4790_0_2,5317_0_5
6939_3_5,6967_0_2
4866_3_2,6193_2_0
6736_3_3,6974_5_4
4006_2_1,6177_1_1
5460_0_5,6144_4_4
4942_5_4,5895_3_4
5664_5_4,6969_4_4
4329_4_2,5838_1_2
5513_3_0,5658_0_0
4710_3_0,6195_2_3
4678_0_1,6980_3_4
5397_1_5,6824_2_3
6795_3_3,6867_3_5
6534_0_4,6669_4_0
4026_3_3,6795_3_2
5220_1_1,5789_5_2
6159_0_4,6758_5_0
4258_4_4,6950_4_1
6232_4_1,6988_2_0
4098_1_1,6229_4_2
4435_1_1,6561_2_2
4677_4_2,5786_5_5
5397_4_1,6935_2_5
6360_4_2,6581_0_3
5116_1_0,5375_1_4
5916_4_5,6207_2_1
5140_4_1,5513_0_0
4084_0_3,5929_1_3
5529_1_6,6518_0_2
4580_1_2,5437_4_3
6248_0_3,6835_2_0
5157_0_2,6859_5_3
4404_3_0,5571_4_0
4225_3_4,5717_1_4
5678_0_2,6979_2_4
4097_2_5,5522_5_0
4689_0_0,6635_1_2
5336_4_5,5589_2_1
4472_4_5,4489_2_2
5161_0_1,6698_1_2
5613_2_5,5937_1_2
5375_0_4,6660_3_2
4812_0_4,5610_1_4
5064_1_2,6277_1_2
5297_0_1,6998_0_0
4943_4_0,6455_3_4
5107_0_5,6248_1_0
5363_0_1,5878_0_0
6198_5_3,6360_0_0
4041_0_0,6932_1_0
6156_0_2,6564_3_0
4916_4_4,5548_4_1
6121_1_3,6804_5_2
5280_4_3,6082_3_2
4867_2_2,5798_0_3
4249_5_6,6708_2_2
4228_2_0,6991_2_3
5534_1_5,6795_3_2
4884_1_5,6434_3_5
5685_1_0,5956_2_6
4389_2_0,5284_1_6
6392_5_4,6612_2_4
5019_2_0,5901_0_1
6821_2_0,6923_3_3
6683_2_4,6928_5_4
6323_1_4,6890_1_1
6259_1_2,6584_4_2
5815_3_4,6415_3_5
4567_1_0,6806_2_0
4287_0_1,5872_4_1
6633_3_1,6935_0_3
4436_0_3,6508_3_3
6536_2_3,6644_1_6
5839_2_0,6790_0_4
4196_4_0,5969_3_5
5594_2_3,6213_1_1
4735_4_3,6837_1_3
4625_4_5,5673_0_0
4971_0_2,6929_5_4
4354_3_6,6794_1_5
4301_0_1,5611_1_0
4425_5_5,5590_3_3
5158_0_2,5475_0_4
4938_0_0,6732_0_3
5241_3_4,5287_1_0
4910_2_3,5607_4_1
5886_0_3,6924_1_1
4102_4_2,5644_0_0
4582_4_5,5119_2_3
5730_4_3,5782_2_0
4357_4_4,4405_1_1
5685_3_4,6703_0_2
5435_2_2,6384_3_3
4488_1_4,6040_5_0
4708_5_5,5892_3_5
5569_3_3,6990_4_1
5010_2_3,5623_1_3
5072_0_6,5292_4_3
5906_4_0,6452_0_0
4747_1_2,4874_3_1
6186_3_4,6484_2_0
5377_5_0,5813_1_0
5893_3_1,6793_2_3
4510_0_3,6954_4_6
4049_0_4,4373_1_2
5119_3_0,6038_1_0
5232_4_0,5347_4_2
5582_0_5,6916_0_2
5438_5_2,6084_4_1
4465_3_3,4600_0_3
4202_3_2,4633_1_1
4631_0_2,6843_0_0
5242_0_5,6382_4_3
5420_0_4,6458_1_3
6441_1_1,6785_2_4
5849_1_1,5874_1_4
6632_2_4,6894_2_4
5205_1_6,6024_0_1
5435_4_0,6043_1_0
4358_2_2,5349_4_1
6497_4_1,6847_5_1
5408_0_4,5753_3_6
5461_2_6,6309_1_6
4038_3_1,5403_1_3
4863_1_0,6901_0_1
4719_3_2,5362_1_2
6324_4_1,6934_4_2
6032_3_5,6620_3_2
6620_3_2,6757_4_0
5553_1_1,6430_2_6
5189_5_4,6613_1_2
6413_5_1,6418_4_4
5202_0_1,5845_2_4
5452_0_0,6303_1_3
5250_2_3,6872_4_1
5911_3_3,5912_2_5
6428_0_2,6475_0_4
5895_1_5,6657_4_0
5568_2_0,6443_4_3
6259_3_3,6948_2_3
5183_4_4,6735_2_4
5752_3_2,6465_4_3
4626_0_2,6611_4_0
4471_5_2,4605_5_1
4626_1_4,6290_4_3
4623_3_6,6314_4_0
4487_4_0,4786_4_3
6155_2_3,6178_2_4
5148_3_0,5785_4_5
4464_0_0,6508_3_3
4325_2_1,5569_4_4
5517_5_1,6502_1_5
5000_4_0,6908_4_4
4512_0_3,5055_1_2
5930_4_2,6101_0_2
5847_5_2,6572_3_3
5332_2_3,5392_2_2
4338_2_2,6342_0_6
6592_2_4,6722_2_1
4627_4_2,5150_0_0
4751_4_3,6289_2_1
6765_3_0,6983_4_0
5609_5_1,6317_5_2
4916_3_1,5186_4_0
6518_5_6,6566_1_5
6271_5_2,6883_2_3
4966_3_4,6261_1_3
5846_5_3,5997_3_0
5631_1_4,6775_4_3
4477_1_5,5232_4_3
6390_2_2,6579_5_1
5016_1_3,5081_2_2
4748_2_1,6057_2_6
5390_1_2,6305_1_0
4161_1_1,6520_0_1
4470_3_4,6991_5_4
6846_2_0,6966_0_4
4466_1_5,6455_3_4
5816_1_3,6247_0_1
5807_0_1,6674_4_1
5010_0_0,6047_1_0
5269_4_5,5714_2_0
4531_4_6,5923_1_0
5858_3_4,6799_4_3
5866_3_6,6780_4_4
5307_3_0,6829_0_5
5959_3_1,6231_2_2
5568_1_3,6881_4_2
6359_0_3,6599_3_6
6196_2_0,6380_1_2
4222_0_2,6639_3_2
4069_0_0,4128_4_3
5225_3_1,5739_5_2
5437_4_5,6531_2_6
5511_3_4,6770_4_3
5203_0_5,6531_2_0
4477_1_3,5769_2_2
5955_1_1,5969_1_0
5321_2_0,5872_1_0
4919_4_3,5390_0_4
5225_2_2,5485_0_4
4050_2_0,5336_4_0
4246_1_3,6191_0_4
5232_1_4,6703_0_2
5900_4_3,6302_3_0
4691_5_6,5873_4_2
4042_2_2,4410_4_2
5493_4_4,6858_4_5
4028_1_3,4628_2_0
4584_1_2,6626_2_3
6303_1_1,6952_1_3
5860_2_3,6531_2_6
4971_4_0,6187_4_1
5825_0_1,6346_4_2
5496_3_0,6656_2_2
6508_3_3,6654_4_2
4065_3_0,6613_1_2
4965_1_5,5597_1_1
6034_4_0,6866_0_2
5241_4_6,6133_4_2
5623_1_0,6396_3_0
4497_2_4,4892_0_4
4598_3_1,5132_0_1
6572_5_5,6627_5_3
4035_1_1,4703_1_3
6700_4_1,6945_0_1
5607_3_1,5663_5_1
6345_3_1,6752_0_1
4401_2_0,6905_2_0
5299_0_2,5600_1_1
4540_2_0,5161_3_3
5289_0_5,6559_5_5
4558_0_3,6387_4_2
5834_0_0,6765_1_4
5952_0_0,6664_3_0
5395_0_6,6005_4_5
4093_1_0,6635_2_1
6663_4_0,6714_4_5
4946_4_3,5945_0_0
4143_4_4,6383_2_3
4401_0_0,5013_5_3
4429_5_3,4804_4_1
5157_4_1,6102_3_1
6017_3_1,6628_4_5
4827_4_2,5361_1_2
4280_1_2,6394_0_5
6479_3_4,6584_1_0
6407_3_0,6644_1_1
4972_2_6,6189_0_1
4767_4_0,6950_0_3
4904_3_4,6639_3_0
5862_0_6,6598_1_1
6033_1_5,6418_0_0
4678_2_4,5813_5_0
5990_4_0,6530_1_5
4229_5_0,6637_4_3
5265_2_5,5592_5_0
4243_0_2,6558_4_1
5594_4_4,6919_1_5
6273_3_4,6941_0_4
6294_3_4,6990_3_5
4693_3_0,4747_5_3
5214_1_5,6161_4_0
6400_1_2,6511_4_3
4827_4_3,6197_1_5
4531_1_4,5717_5_0
4661_0_1,6543_5_0
5772_1_1,6564_3_0
5167_0_5,6324_0_0
6458_1_3,6934_4_2
5215_4_5,6684_3_5
6439_4_3,6644_3_6
4122_0_3,5947_3_6
6456_4_3,6489_2_0
4041_4_3,5978_3_0
5155_4_2,6647_2_4
5490_4_2,6441_2_0
6418_4_4,6950_5_0
6409_3_5,6630_4_1
6451_4_2,6669_4_0
4403_0_0,6261_4_0
5637_3_5,5646_0_0
4770_2_2,5998_3_4
5391_3_0,5846_4_2
4520_1_1,6808_1_5
5707_4_3,6958_1_4
4630_3_4,5404_0_4
6835_4_6,6882_4_4
6449_0_0,6500_4_3
4044_1_6,4385_4_2
4269_1_4,6968_0_3
4462_5_1,5326_1_1
6775_5_3,6991_4_6
4260_2_4,6389_0_3
4340_0_0,6362_3_0
4836_0_1,6736_0_4
4831_3_1,6015_3_5
5347_4_2,5512_5_0
5161_5_2,6395_5_1
5101_4_2,6163_5_2
5006_4_3,6992_3_5
4578_4_5,5282_1_5
6883_3_3,6894_0_3
6620_1_2,6902_3_1
6342_1_4,6995_4_1
5151_3_1,5537_1_4
5599_0_0,6025_0_3
4218_4_2,4298_3_5
4916_5_1,6164_3_5
6230_3_3,6281_4_3
4502_2_3,6144_3_1
6395_0_0,6870_1_2
5200_0_2,6700_2_5
4384_4_4,5223_2_4
5463_3_0,5888_5_4
4465_2_6,6540_3_0
5608_4_5,6840_3_6
4772_4_4,4941_2_1
5818_4_6,5944_4_6
4661_2_4,4663_2_2
5121_1_4,6936_1_6
5652_4_2,6664_0_4
6287_4_2,6902_1_5
5416_3_4,5617_4_4
4620_3_2,4891_3_2
5209_0_1,6838_2_3
6816_2_4,6966_0_4
4655_4_1,6115_1_0
4617_3_5,6719_1_4
5560_2_4,6531_2_6
5909_1_2,6905_1_6
4406_2_2,6478_1_0
4336_0_2,4996_2_2
5174_1_3,6079_3_1
4002_0_1,4884_2_3
